{"best_agent": 1, "agent_1": {"iterations": [15, 15], "metrics": {"loss": [1.270898461341858, 1.3520008325576782, 1.2963347434997559, 1.2201588153839111, 1.346287727355957, 1.2786710262298584, 1.3363978862762451, 1.1873281002044678, 1.1488133668899536, 1.2383848428726196, 1.2345958948135376, 1.3126275539398193, 1.200944185256958, 1.1061385869979858, 1.1016539335250854, 1.3166073560714722, 1.1374622583389282, 1.3409594297409058, 1.1495864391326904, 1.1256771087646484, 1.2177870273590088, 1.1548203229904175, 1.1094722747802734, 1.0772640705108643, 1.236889123916626, 1.216019868850708, 1.1251600980758667, 1.3137398958206177, 1.0109994411468506, 1.0925939083099365], "value_head_loss": [0.7868225574493408, 1.2251243591308594, 1.170487403869629, 0.9474762082099915, 1.1425707340240479, 1.1195560693740845, 1.1008288860321045, 0.8722912669181824, 0.8542458415031433, 1.0055272579193115, 0.9378013014793396, 1.0534051656723022, 0.8477883338928223, 0.8338688015937805, 0.8428012728691101, 1.090187430381775, 0.8805838823318481, 1.157150387763977, 0.8086100220680237, 0.7408177852630615, 1.0188273191452026, 0.8450208306312561, 0.7573365569114685, 0.7956523895263672, 0.9626501202583313, 1.0442476272583008, 0.9359608292579651, 1.0380791425704956, 0.7216034531593323, 0.8714606761932373], "policy_head_loss": [1.5885690450668335, 1.3123159408569336, 1.2551758289337158, 1.325150728225708, 1.3814448118209839, 1.2682281732559204, 1.4013313055038452, 1.3306158781051636, 1.2705068588256836, 1.297254204750061, 1.3563239574432373, 1.3957488536834717, 1.3770179748535156, 1.2003990411758423, 1.1816232204437256, 1.363328218460083, 1.213891625404358, 1.3436293601989746, 1.3087910413742065, 1.3281872272491455, 1.233874797821045, 1.2812795639038086, 1.2778483629226685, 1.1747355461120605, 1.326642632484436, 1.2029986381530762, 1.1292927265167236, 1.4040923118591309, 1.1148711442947388, 1.1280075311660767], "value_head_accuracy": [0.20000000298023224, 0.1599999964237213, 0.2800000011920929, 0.11999999731779099, 0.11999999731779099, 0.03999999910593033, 0.07999999821186066, 0.1599999964237213, 0.23999999463558197, 0.20000000298023224, 0.1599999964237213, 0.07999999821186066, 0.1599999964237213, 0.20000000298023224, 0.07999999821186066, 0.23999999463558197, 0.20000000298023224, 0.0, 0.20000000298023224, 0.2800000011920929, 0.11999999731779099, 0.20000000298023224, 0.23999999463558197, 0.20000000298023224, 0.1599999964237213, 0.11999999731779099, 0.2800000011920929, 0.07999999821186066, 0.2800000011920929, 0.1599999964237213], "policy_head_accuracy": [0.07999999821186066, 0.07999999821186066, 0.0, 0.03999999910593033, 0.07999999821186066, 0.11999999731779099, 0.03999999910593033, 0.03999999910593033, 0.03999999910593033, 0.03999999910593033, 0.07999999821186066, 0.03999999910593033, 0.07999999821186066, 0.0, 0.07999999821186066, 0.03999999910593033, 0.0, 0.03999999910593033, 0.03999999910593033, 0.03999999910593033, 0.03999999910593033, 0.11999999731779099, 0.03999999910593033, 0.03999999910593033, 0.03999999910593033, 0.07999999821186066, 0.07999999821186066, 0.0, 0.03999999910593033, 0.11999999731779099], "val_loss": [1.1764962673187256, 1.0794942378997803, 1.1256873607635498, 1.2916289567947388, 1.1131973266601562, 0.9930070042610168, 1.599378228187561, 2.5397427082061768, 3.496330499649048, 2.832181215286255, 2.9515585899353027, 1.4376691579818726, 2.3879406452178955, 2.641709804534912, 1.4718406200408936, 3.0820977687835693, 2.8883602619171143, 1.984429955482483, 1.8672338724136353, 2.735150098800659, 1.913216471672058, 1.6111948490142822, 1.6430141925811768, 1.4925291538238525, 1.1279793977737427, 1.5101228952407837, 1.6571725606918335, 1.069573163986206, 1.2927392721176147, 1.199785828590393], "val_value_head_loss": [0.8503521680831909, 0.9798315763473511, 0.8928846716880798, 0.9869753122329712, 0.9264330863952637, 0.8126009106636047, 0.8529213666915894, 2.659672260284424, 2.6719257831573486, 1.8429633378982544, 0.20377014577388763, 1.0276323556900024, 0.7914379835128784, 1.035487174987793, 1.030444860458374, 0.944553017616272, 1.0980249643325806, 1.3236874341964722, 1.0253241062164307, 2.8828213214874268, 1.7745821475982666, 1.1771295070648193, 1.657470941543579, 1.3820381164550781, 0.7139111161231995, 0.7970401644706726, 0.8852032423019409, 0.7115066647529602, 0.8973473906517029, 0.6535585522651672], "val_policy_head_loss": [1.3360788822174072, 1.0121510028839111, 1.190799355506897, 1.427722692489624, 1.1304036378860474, 1.0027772188186646, 2.174086093902588, 2.246938705444336, 4.146747589111328, 3.6463329792022705, 5.523245811462402, 1.6706243753433228, 3.8064329624176025, 4.06904935836792, 1.7335374355316162, 5.039193153381348, 4.497556209564209, 2.4634006023406982, 2.526794195175171, 2.4046072959899902, 1.8685106039047241, 1.8615005016326904, 1.444417119026184, 1.4185348749160767, 1.3572542667388916, 2.0381388664245605, 2.243833541870117, 1.2421152591705322, 1.502411961555481, 1.560120701789856], "val_value_head_accuracy": [0.2857142984867096, 0.0, 0.1428571492433548, 0.0, 0.1428571492433548, 0.1428571492433548, 0.4285714328289032, 0.0, 0.1428571492433548, 0.4285714328289032, 0.7142857313156128, 0.2857142984867096, 0.1428571492433548, 0.0, 0.0, 0.5714285969734192, 0.4285714328289032, 0.1428571492433548, 0.4285714328289032, 0.1428571492433548, 0.2857142984867096, 0.2857142984867096, 0.1428571492433548, 0.2857142984867096, 0.2857142984867096, 0.1428571492433548, 0.0, 0.2857142984867096, 0.1428571492433548, 0.4285714328289032], "val_policy_head_accuracy": [0.0, 0.0, 0.0, 0.0, 0.1428571492433548, 0.2857142984867096, 0.1428571492433548, 0.2857142984867096, 0.0, 0.0, 0.1428571492433548, 0.0, 0.0, 0.1428571492433548, 0.0, 0.0, 0.0, 0.0, 0.1428571492433548, 0.0, 0.0, 0.0, 0.2857142984867096, 0.1428571492433548, 0.0, 0.0, 0.0, 0.0, 0.1428571492433548, 0.1428571492433548]}}, "agent_2": {"iterations": [], "metrics": {"loss": [], "value_head_loss": [], "policy_head_loss": [], "value_head_accuracy": [], "policy_head_accuracy": [], "val_loss": [], "val_value_head_loss": [], "val_policy_head_loss": [], "val_value_head_accuracy": [], "val_policy_head_accuracy": []}}}