{"best_agent": 1, "agent_1": {"iterations": [], "metrics": {"loss": [], "value_head_loss": [], "policy_head_loss": [], "value_head_accuracy": [], "policy_head_accuracy": [], "val_loss": [], "val_value_head_loss": [], "val_policy_head_loss": [], "val_value_head_accuracy": [], "val_policy_head_accuracy": []}}, "agent_2": {"iterations": [15], "metrics": {"loss": [1.145988941192627, 1.4478830099105835, 1.2524077892303467, 1.185028076171875, 0.938762366771698, 1.3235496282577515, 1.4215717315673828, 1.30363929271698, 1.1858091354370117, 1.0243935585021973, 1.1894210577011108, 1.0036166906356812, 1.0932691097259521, 1.1164075136184692, 1.1194261312484741], "value_head_loss": [0.705127477645874, 1.222939372062683, 0.904517650604248, 0.6409417986869812, 0.5517151951789856, 0.9898106455802917, 1.485548973083496, 0.993927538394928, 0.9157982468605042, 0.5857101082801819, 0.9405026435852051, 0.6026857495307922, 0.692818820476532, 0.6971792578697205, 0.8375274538993835], "policy_head_loss": [1.4204169511795044, 1.5061391592025757, 1.4329286813735962, 1.5607179403305054, 1.1561346054077148, 1.486162781715393, 1.1849256753921509, 1.4390977621078491, 1.2799724340438843, 1.2856520414352417, 1.259373664855957, 1.2241013050079346, 1.3118551969528198, 1.352432131767273, 1.216861605644226], "value_head_accuracy": [0.0, 0.0, 0.1666666716337204, 0.0, 0.0, 0.1666666716337204, 0.0, 0.4166666567325592, 0.0833333358168602, 0.0833333358168602, 0.25, 0.3333333432674408, 0.3333333432674408, 0.1666666716337204, 0.0], "policy_head_accuracy": [0.0, 0.0, 0.0, 0.0, 0.0833333358168602, 0.0, 0.0, 0.0833333358168602, 0.1666666716337204, 0.0, 0.0, 0.0, 0.1666666716337204, 0.0, 0.25], "val_loss": [1.0566319227218628, 1.468545913696289, 1.2075860500335693, 0.8538864254951477, 0.7429643869400024, 1.1444852352142334, 1.2596412897109985, 1.7287418842315674, 2.4366328716278076, 1.5723564624786377, 1.4950151443481445, 1.2392973899841309, 2.5160892009735107, 2.0274460315704346, 2.387274742126465], "val_value_head_loss": [0.5051780343055725, 1.220968246459961, 0.7612535953521729, 3.0600582249462605e-05, 0.3795028328895569, 0.779304563999176, 1.0826994180679321, 0.8866839408874512, 2.6553893089294434, 0.3309444785118103, 0.4245804250240326, 0.35282886028289795, 1.4157381057739258, 2.415407657623291, 1.2942094802856445], "val_policy_head_loss": [1.4413985013961792, 1.5487542152404785, 1.4855220317840576, 1.53806734085083, 0.9353002309799194, 1.3369969129562378, 1.2623298168182373, 2.3949525356292725, 2.040451765060425, 2.6348025798797607, 2.3850038051605225, 1.943901538848877, 3.433237075805664, 1.4550213813781738, 3.294694185256958], "val_value_head_accuracy": [0.5, 0.0, 0.0, 0.0, 0.0, 0.0, 0.0, 0.0, 0.0, 0.0, 0.0, 0.5, 0.25, 0.0, 0.0], "val_policy_head_accuracy": [0.0, 0.0, 0.0, 0.0, 0.0, 0.0, 0.0, 0.0, 0.25, 0.0, 0.0, 0.0, 0.0, 0.0, 0.25]}}}