{"best_agent": -1, "agent_1": {"iterations": [2], "metrics": {"loss": [2.053903579711914, 1.1507028341293335], "value_head_loss": [2.3272006511688232, 0.4708199203014374], "policy_head_loss": [1.613466501235962, 1.6541295051574707], "value_head_accuracy": [0.0, 0.0], "policy_head_accuracy": [0.0, 0.0], "val_loss": [2.5514655113220215, 0.25573086738586426], "val_value_head_loss": [3.779757022857666, 0.31055018305778503], "val_policy_head_loss": [1.1467175483703613, 0.0], "val_value_head_accuracy": [0.0, 0.0], "val_policy_head_accuracy": [0.0, 0.0]}}, "agent_2": {"iterations": [], "metrics": {"loss": [], "value_head_loss": [], "policy_head_loss": [], "value_head_accuracy": [], "policy_head_accuracy": [], "val_loss": [], "val_value_head_loss": [], "val_policy_head_loss": [], "val_value_head_accuracy": [], "val_policy_head_accuracy": []}}}