{"best_agent": 1, "agent_1": {"iterations": [], "metrics": {"loss": [], "value_head_loss": [], "policy_head_loss": [], "value_head_accuracy": [], "policy_head_accuracy": [], "val_loss": [], "val_value_head_loss": [], "val_policy_head_loss": [], "val_value_head_accuracy": [], "val_policy_head_accuracy": []}}, "agent_2": {"iterations": [2], "metrics": {"loss": [2.4612722396850586, 0.5954930186271667], "value_head_loss": [3.130343198776245, 0.01816614344716072], "policy_head_loss": [1.6256946325302124, 0.9984340667724609], "value_head_accuracy": [0.0, 0.0], "policy_head_accuracy": [0.0, 0.0], "val_loss": [1.290456771850586, 3.2022485733032227], "val_value_head_loss": [0.35994768142700195, 0.36963847279548645], "val_policy_head_loss": [2.0465798377990723, 5.83973503112793], "val_value_head_accuracy": [0.0, 0.0], "val_policy_head_accuracy": [0.0, 0.0]}}}