{"best_agent": 1, "agent_1": {"iterations": [], "metrics": {"loss": [], "value_head_loss": [], "policy_head_loss": [], "value_head_accuracy": [], "policy_head_accuracy": [], "val_loss": [], "val_value_head_loss": [], "val_policy_head_loss": [], "val_value_head_accuracy": [], "val_policy_head_accuracy": []}}, "agent_2": {"iterations": [1, 1, 1, 1], "metrics": {"loss": [1.1734219789505005, 0.9497999548912048, 3.5089683532714844, 0.6855422854423523], "value_head_loss": [0.5257232189178467, 8.980146958492696e-05, 3.9936254024505615, 9.719215086079203e-07], "policy_head_loss": [1.6547255516052246, 1.728217363357544, 2.840238094329834, 1.1687214374542236], "value_head_accuracy": [0.0, 1.0, 0.0, 1.0], "policy_head_accuracy": [0.0, 0.0, 0.0, 0.0], "val_loss": [1.0633680820465088, 2.95041561126709, 6.643867492675781, 18.13422203063965], "val_value_head_loss": [2.459273673593998e-09, 3.999997615814209, 4.0, 0.0], "val_policy_head_loss": [1.9554435014724731, 1.7167608737945557, 9.085373878479004, 36.04405975341797], "val_value_head_accuracy": [1.0, 0.0, 0.0, 1.0], "val_policy_head_accuracy": [0.0, 0.0, 0.0, 1.0]}}}