{"best_agent": -1, "agent_1": {"iterations": [15, 15], "metrics": {"loss": [1.4764195680618286, 1.5531164407730103, 1.161920189857483, 1.380121111869812, 1.2624133825302124, 1.6304391622543335, 1.476662039756775, 1.220353126525879, 1.3794136047363281, 0.9290959239006042, 1.2114020586013794, 1.2649812698364258, 1.6202665567398071, 1.1248502731323242, 1.1787290573120117, 1.0427325963974, 1.1870430707931519, 1.4478555917739868, 1.0560085773468018, 1.2034789323806763, 0.8189199566841125, 1.0508829355239868, 1.1411765813827515, 1.410563349723816, 1.1047918796539307, 0.864675760269165, 1.1381727457046509, 1.0759260654449463, 1.043908715248108, 0.8457823395729065, 1.1046265363693237, 0.9357854723930359, 1.0135509967803955, 1.3209773302078247, 1.0368708372116089, 0.9355737566947937, 1.0956584215164185, 1.0853453874588013, 0.7673819065093994, 1.0272343158721924, 0.996614933013916, 1.0875221490859985, 1.0086174011230469, 1.0957778692245483, 0.8885061144828796], "value_head_loss": [1.0208860635757446, 1.569416880607605, 0.6813254356384277, 1.5204496383666992, 0.9405994415283203, 1.4988826513290405, 1.2653714418411255, 0.8930248618125916, 1.1204019784927368, 0.4670310914516449, 0.8760290741920471, 1.1396418809890747, 1.7091541290283203, 0.6750008463859558, 0.8967347741127014, 0.6893913149833679, 0.9179711937904358, 1.0045799016952515, 0.8257606625556946, 0.8469371199607849, 0.4136761724948883, 0.6314715147018433, 0.6008732318878174, 1.5210376977920532, 0.8130147457122803, 0.44108524918556213, 0.7389257550239563, 0.7979276180267334, 0.7441539764404297, 0.4591194689273834, 0.6848111152648926, 0.539911687374115, 0.48294684290885925, 0.7397844195365906, 0.7552261352539062, 0.7682971954345703, 0.7028730511665344, 0.8328988552093506, 0.3459726870059967, 0.6507717967033386, 0.5899691581726074, 0.6366938948631287, 0.5469115376472473, 0.6455731987953186, 0.5023335814476013], "policy_head_loss": [1.7649073600769043, 1.3693395853042603, 1.473867416381836, 1.069412112236023, 1.4117237329483032, 1.5871156454086304, 1.5105524063110352, 1.367681860923767, 1.4557862281799316, 1.2058955430984497, 1.358913540840149, 1.1999343633651733, 1.3385688066482544, 1.3796008825302124, 1.263462781906128, 1.1967815160751343, 1.2549211978912354, 1.6881842613220215, 1.081703543663025, 1.3539875745773315, 1.0167690515518188, 1.2616480588912964, 1.4716936349868774, 1.089267611503601, 1.184814691543579, 1.075666904449463, 1.3240560293197632, 1.1398693323135376, 1.1289831399917603, 1.0171997547149658, 1.3086897134780884, 1.1154526472091675, 1.3275476694107056, 1.6852068901062012, 1.1012409925460815, 0.8852943778038025, 1.2706400156021118, 1.1197677850723267, 0.970569908618927, 1.1853004693984985, 1.1847138404846191, 1.3196707963943481, 1.2515310049057007, 1.327095866203308, 1.0557169914245605], "value_head_accuracy": [0.0, 0.0833333358168602, 0.0, 0.0833333358168602, 0.0833333358168602, 0.0833333358168602, 0.1666666716337204, 0.3333333432674408, 0.1666666716337204, 0.3333333432674408, 0.25, 0.1666666716337204, 0.3333333432674408, 0.5, 0.0, 0.3333333432674408, 0.3333333432674408, 0.25, 0.1666666716337204, 0.0833333358168602, 0.4166666567325592, 0.4166666567325592, 0.1666666716337204, 0.1666666716337204, 0.1666666716337204, 0.5, 0.1666666716337204, 0.3333333432674408, 0.1666666716337204, 0.5, 0.3333333432674408, 0.5, 0.5, 0.25, 0.25, 0.25, 0.25, 0.25, 0.5, 0.3333333432674408, 0.5, 0.4166666567325592, 0.3333333432674408, 0.3333333432674408, 0.25], "policy_head_accuracy": [0.0, 0.0833333358168602, 0.1666666716337204, 0.0833333358168602, 0.25, 0.0, 0.0833333358168602, 0.25, 0.0, 0.0, 0.0, 0.3333333432674408, 0.0833333358168602, 0.0833333358168602, 0.3333333432674408, 0.1666666716337204, 0.0833333358168602, 0.0, 0.0, 0.0, 0.1666666716337204, 0.0, 0.0, 0.1666666716337204, 0.0, 0.1666666716337204, 0.25, 0.0833333358168602, 0.0, 0.0, 0.0833333358168602, 0.0833333358168602, 0.0, 0.0833333358168602, 0.25, 0.25, 0.0833333358168602, 0.0833333358168602, 0.25, 0.0833333358168602, 0.0833333358168602, 0.0, 0.0833333358168602, 0.0833333358168602, 0.0], "val_loss": [1.253412127494812, 1.3023909330368042, 1.2618895769119263, 1.360224723815918, 1.479548692703247, 1.537207841873169, 1.2963275909423828, 1.2511122226715088, 0.9990752339363098, 2.134371280670166, 2.1742968559265137, 1.494702696800232, 1.7614452838897705, 1.4461760520935059, 1.0191750526428223, 0.9243043065071106, 1.7576353549957275, 1.1063270568847656, 2.0475125312805176, 1.0976459980010986, 1.238098382949829, 1.614767074584961, 1.6221745014190674, 1.3319122791290283, 1.9867578744888306, 0.876052975654602, 1.243645429611206, 1.0669833421707153, 0.9705702662467957, 1.035630226135254, 1.587339997291565, 1.078096628189087, 1.0060741901397705, 0.8726037740707397, 1.3505220413208008, 0.9244809746742249, 1.4818594455718994, 0.8078193664550781, 1.228081464767456, 0.803594708442688, 0.8163936138153076, 2.6590206623077393, 0.9355204701423645, 1.0069860219955444, 0.8849812150001526], "val_value_head_loss": [0.7224120497703552, 0.7093330025672913, 0.8083468675613403, 1.0640289783477783, 1.3147298097610474, 1.6782293319702148, 1.2463278770446777, 0.7456783652305603, 0.7955592274665833, 2.4590413570404053, 2.920989990234375, 1.3775869607925415, 1.7125210762023926, 1.8939599990844727, 0.7695980668067932, 0.269907683134079, 2.102526903152466, 0.6861058473587036, 2.8782131671905518, 1.195279598236084, 0.232843816280365, 0.850757360458374, 1.8780137300491333, 0.7289337515830994, 2.4416210651397705, 0.7535244822502136, 0.678402304649353, 0.18956448137760162, 0.2953439950942993, 0.8736972808837891, 1.387528896331787, 0.5150061845779419, 0.7126592397689819, 0.018987642601132393, 0.5142946243286133, 1.005835771560669, 0.7011057734489441, 0.43278372287750244, 0.8971362113952637, 0.18142689764499664, 0.4027594327926636, 0.7690389156341553, 0.4855480194091797, 0.5778687000274658, 0.9561560153961182], "val_policy_head_loss": [1.6169358491897583, 1.7268011569976807, 1.5450520515441895, 1.4839168787002563, 1.4694880247116089, 1.218786358833313, 1.166327953338623, 1.5739073753356934, 1.0173261165618896, 1.6218396425247192, 1.2372167110443115, 1.4190082550048828, 1.6152706146240234, 0.8011314868927002, 1.0694596767425537, 1.3775070905685425, 1.2097967863082886, 1.3219953775405884, 1.0107786655426025, 0.7926177978515625, 2.0347065925598145, 2.16899037361145, 1.155513882637024, 1.7231364250183105, 1.3192952871322632, 0.7852175831794739, 1.5948333740234375, 1.729722023010254, 1.4305510520935059, 0.9818108081817627, 1.5709447860717773, 1.4245798587799072, 1.0825259685516357, 1.5089452266693115, 1.969193458557129, 0.6253224015235901, 2.044589042663574, 0.9646338224411011, 1.3406305313110352, 1.207215666770935, 1.011348009109497, 4.330209732055664, 1.166606068611145, 1.2171417474746704, 0.5947837829589844], "val_value_head_accuracy": [0.25, 0.0, 0.25, 0.0, 0.25, 0.25, 0.5, 0.0, 0.25, 0.25, 0.0, 0.5, 0.25, 0.0, 0.25, 0.5, 0.25, 0.25, 0.0, 0.25, 0.25, 0.0, 0.0, 0.0, 0.0, 0.0, 0.25, 0.75, 0.5, 0.25, 0.0, 0.5, 0.0, 1.0, 0.5, 0.0, 0.5, 0.25, 0.25, 0.75, 0.5, 0.5, 0.25, 0.5, 0.25], "val_policy_head_accuracy": [0.5, 0.0, 0.0, 0.25, 0.25, 0.25, 0.0, 0.0, 0.25, 0.0, 0.0, 0.25, 0.0, 0.25, 0.0, 0.0, 0.25, 0.0, 0.25, 0.25, 0.0, 0.0, 0.0, 0.0, 0.0, 0.0, 0.25, 0.0, 0.0, 0.0, 0.25, 0.0, 0.0, 0.0, 0.0, 0.25, 0.0, 0.25, 0.25, 0.0, 0.0, 0.0, 0.25, 0.0, 0.25]}}, "agent_2": {"iterations": [15, 15], "metrics": {"loss": [1.4723185300827026, 1.656852126121521, 1.096184492111206, 1.7945855855941772, 1.3187633752822876, 1.1264153718948364, 1.2825284004211426, 1.3121821880340576, 1.2251099348068237, 1.3884285688400269, 1.044478416442871, 1.2691514492034912, 1.0966229438781738, 1.0625323057174683, 1.1144707202911377, 1.0834622383117676, 1.1910700798034668, 1.1601197719573975, 1.0812196731567383, 1.0227082967758179, 1.1493644714355469, 1.2653546333312988, 1.1514323949813843, 1.2723398208618164, 1.0130066871643066, 1.1652857065200806, 1.3754935264587402, 1.1873093843460083, 1.0588124990463257, 0.9682791829109192],