{"best_agent": 1, "agent_1": {"iterations": [], "metrics": {"loss": [], "value_head_loss": [], "policy_head_loss": [], "value_head_accuracy": [], "policy_head_accuracy": [], "val_loss": [], "val_value_head_loss": [], "val_policy_head_loss": [], "val_value_head_accuracy": [], "val_policy_head_accuracy": []}}, "agent_2": {"iterations": [1, 1], "metrics": {"loss": [1.4011739492416382, 2.9999616146087646], "value_head_loss": [0.8005768060684204, 3.9725489616394043], "policy_head_loss": [1.8349034786224365, 1.8564417362213135], "value_head_accuracy": [0.0, 0.0], "policy_head_accuracy": [0.0, 0.0], "val_loss": [0.901952862739563, 1.136162519454956], "val_value_head_loss": [0.007719566114246845, 2.3648283331567654e-06], "val_policy_head_loss": [1.6252537965774536, 2.0906150341033936], "val_value_head_accuracy": [1.0, 1.0], "val_policy_head_accuracy": [0.0, 0.0]}}}