{"best_agent": -1, "agent_1": {"iterations": [1, 1, 1, 1, 1], "metrics": {"loss": [0.6277610659599304, 1.7294095754623413, 0.6541627645492554, 3.6269407272338867, 0.9591649770736694], "value_head_loss": [0.009160732850432396, 2.3814332485198975, 0.0006739725940860808, 3.895443916320801, 0.03549868240952492], "policy_head_loss": [1.079674243927002, 0.9102330803871155, 1.1361191272735596, 3.1767406463623047, 1.6869086027145386], "value_head_accuracy": [1.0, 0.0, 0.0, 0.0, 0.0], "policy_head_accuracy": [0.0, 0.0, 0.0, 0.0, 0.0], "val_loss": [0.6548819541931152, 1.150601863861084, 12.219259262084961, 21.748823165893555, 58.622467041015625], "val_value_head_loss": [0.22210034728050232, 6.846825328921113e-10, 4.0, 4.0, 4.0], "val_policy_head_loss": [0.9205107688903809, 2.129671335220337, 20.256824493408203, 39.301727294921875, 113.03199768066406], "val_value_head_accuracy": [1.0, 0.0, 0.0, 0.0, 0.0], "val_policy_head_accuracy": [0.0, 0.0, 0.0, 0.0, 0.0]}}, "agent_2": {"iterations": [1], "metrics": {"loss": [0.49008673429489136], "value_head_loss": [0.1272408813238144], "policy_head_loss": [0.6866843700408936], "value_head_accuracy": [0.0], "policy_head_accuracy": [0.0], "val_loss": [1.3288439512252808], "val_value_head_loss": [1.4477449655532837], "val_policy_head_loss": [1.0434539318084717], "val_value_head_accuracy": [0.0], "val_policy_head_accuracy": [0.0]}}}