{"best_agent": -1, "agent_1": {"iterations": [1, 1, 1, 1, 1], "metrics": {"loss": [0.6277610659599304, 1.7294095754623413, 0.6541627645492554, 3.6269407272338867, 0.9591649770736694], "value_head_loss": [0.009160732850432396, 2.3814332485198975, 0.0006739725940860808, 3.895443916320801, 0.03549868240952492], "policy_head_loss": [1.079674243927002, 0.9102330803871155, 1.1361191272735596, 3.1767406463623047, 1.6869086027145386], "value_head_accuracy": [1.0, 0.0, 0.0, 0.0, 0.0], "policy_head_accuracy": [0.0, 0.0, 0.0, 0.0, 0.0], "val_loss": [0.6548819541931152, 1.150601863861084, 12.219259262084961, 21.748823165893555, 58.622467041015625], "val_value_head_loss": [0.22210034728050232, 6.846825328921113e-10, 4.0, 4.0, 4.0], "val_policy_head_loss": [0.9205107688903809, 2.129671335220337, 20.256824493408203, 39.301727294921875, 113.03199768066406], "val_value_head_accuracy": [1.0, 0.0, 0.0, 0.0, 0.0], "val_policy_head_accuracy": [0.0, 0.0, 0.0, 0.0, 0.0]}}, "agent_2": {"iterations": [50], "metrics": {"loss": [1.274332046508789, 1.0466127395629883, 1.2299870252609253, 0.4714050889015198, 1.0241291522979736, 1.0748075246810913, 0.32378435134887695, 0.9403455257415771, 0.9718389511108398, 0.9280788898468018, 0.9111721515655518, 0.9332469701766968, 0.8993855118751526, 0.9380748271942139, 0.9412643909454346, 0.9083372354507446, 0.9791343212127686, 0.16887573897838593, 0.7440545558929443, 0.7615469694137573, 0.180069699883461, 0.8620765805244446, 0.17335884273052216, 0.9292731285095215, 0.1831018179655075, 1.010317087173462, 1.1389915943145752, 0.9931033849716187, 0.7165417671203613, 1.0031031370162964, 0.7067145109176636, 0.9476959705352783, 0.9815693497657776, 0.9920720458030701, 0.8834676742553711, 0.9828449487686157, 0.9818853735923767, 0.9551103115081787, 0.9580552577972412, 0.9931511878967285, 0.9742359519004822, 0.9855577349662781, 0.9418811798095703, 0.9812860488891602, 0.19087842106819153, 0.9511504173278809, 0.5073264241218567, 0.6673942804336548, 0.9476045370101929, 0.9644079804420471], "value_head_loss": [0.058635372668504715, 0.19652628898620605, 0.679084062576294, 0.7601838707923889, 0.2479722946882248, 0.34361696243286133, 0.4325638711452484, 0.12759946286678314, 0.0007782745524309576, 0.006893530488014221, 0.022158972918987274, 0.02220921777188778, 0.010718736797571182, 0.0005271075060591102, 0.005205350462347269, 0.021706264466047287, 0.027532771229743958, 0.017185145989060402, 0.00022780139988753945, 0.009227599948644638, 0.022473057731986046, 0.01176183670759201, 8.742833415453788e-06, 0.012993020936846733, 0.012041660025715828, 4.156903742114082e-06, 0.0030207564122974873, 0.010913712903857231, 0.0017922553233802319, 0.0004839722823817283, 0.008087219670414925, 0.002590631600469351, 0.0016726605826988816, 0.0010050719138234854, 0.00017869392468128353, 4.187662125332281e-05, 9.28272056626156e-05, 0.0009314085473306477, 0.00012505157792475075, 0.00044969122973270714, 0.0003809783956967294, 0.00013690826017409563, 0.000207911929464899, 0.00017471011960878968, 0.00018898790585808456, 3.06262290905579e-06, 0.00019235922081861645, 0.00012847085599787533, 2.624378976179287e-05, 6.940924777154578e-06], "policy_head_loss": [2.3235976696014404, 1.7280819416046143, 1.6065189838409424, 0.0, 1.6077407598495483, 1.6024954319000244, 0.0, 1.5264098644256592, 1.7046250104904175, 1.5996737480163574, 1.5396963357925415, 1.5734108686447144, 1.5073692798614502, 1.5857367515563965, 1.5788547992706299, 1.4885351657867432, 1.6169432401657104, 0.0, 1.1610991954803467, 1.1813963651657104, 0.0, 1.3699907064437866, 0.0, 1.4949336051940918, 0.0, 1.6632651090621948, 1.9147067070007324, 1.6124368906021118, 1.0660929679870605, 1.6384156942367554, 1.0361437797546387, 1.5219074487686157, 1.5890533924102783, 1.6093671321868896, 1.3917714357376099, 1.5895830392837524, 1.586652159690857, 1.5314109325408936, 1.5373531579971313, 1.6065552234649658, 1.5682079792022705, 1.5905824899673462, 1.5027108192443848, 1.581164836883545, 0.0, 1.5204428434371948, 0.6323626041412354, 0.952358603477478, 1.5127123594284058, 1.546202540397644], "value_head_accuracy": [1.0, 1.0, 1.0, 1.0, 1.0, 0.0, 0.0, 1.0, 1.0, 1.0, 1.0, 1.0, 1.0, 1.0, 1.0, 1.0, 1.0, 1.0, 1.0, 1.0, 1.0, 1.0, 1.0, 1.0, 1.0, 1.0, 1.0, 1.0, 1.0, 1.0, 1.0, 1.0, 1.0, 1.0, 1.0, 1.0, 1.0, 1.0, 1.0, 1.0, 1.0, 1.0, 1.0, 1.0, 1.0, 1.0, 1.0, 1.0, 1.0, 1.0], "policy_head_accuracy": [0.0, 0.0, 0.0, 0.0, 0.0, 0.0, 0.0, 0.0, 0.0, 0.0, 0.0, 0.0, 0.0, 0.0, 0.0, 0.0, 0.0, 0.0, 0.0, 1.0, 0.0, 0.0, 0.0, 0.0, 0.0, 0.0, 0.0, 0.0, 0.0, 0.0, 0.0, 0.0, 0.0, 0.0, 0.0, 0.0, 0.0, 1.0, 0.0, 0.0, 0.0, 0.0, 0.0, 0.0, 0.0, 0.0, 0.0, 0.0, 0.0, 1.0], "val_loss": [1.1607322692871094, 1.9808377027511597, 6.0982255935668945, 2.4713776111602783, 8.087093353271484, 0.6075024604797363, 17.648866653442383, 10.440208435058594, 0.6212206482887268, 19.617311477661133, 5.781039714813232, 6.890982151031494, 13.505340576171875, 0.6492343544960022, 7.071615695953369, 16.429561614990234, 2.503960132598877, 3.151704788208008, 3.141145944595337, 22.135467529296875, 8.971494674682617, 8.814594268798828, 3.385798931121826, 10.296114921569824, 10.367225646972656, 21.590700149536133, 8.013616561889648, 4.730905532836914, 5.184796333312988, 12.168248176574707, 11.936318397521973, 4.685530662536621, 9.631680488586426, 5.6465349197387695, 7.016931056976318, 2.8650317192077637, 1.8964695930480957, 2.3848609924316406, 2.631303310394287, 4.461722373962402, 1.7679733037948608, 2.748474597930908, 4.054089546203613, 1.537259817123413, 5.796108722686768, 1.999173879623413, 4.009756088256836, 0.6912351846694946, 0.6913032531738281, 1.7298970222473145], "val_value_head_loss": [0.03362373635172844, 0.9981351494789124, 0.9999955892562866, 0.9999098777770996, 0.9999929666519165, 1.0, 1.0, 0.6108757257461548, 0.9928508400917053, 0.9986505508422852, 0.08611255139112473, 0.8586952090263367, 1.0, 1.0, 1.0, 1.0, 0.9998050928115845, 1.0, 1.0, 1.0, 1.0, 1.0, 1.0, 1.0, 1.0, 1.0, 1.0, 1.0, 1.0, 1.0, 1.0, 1.0, 1.0, 1.0, 1.0, 1.0, 1.0, 1.0, 1.0, 1.0, 0.9999990463256836, 1.0, 1.0, 0.950772762298584, 1.0, 1.0, 1.0, 1.0, 1.0, 0.994193434715271], "val_policy_head_loss": [2.1192235946655273, 2.7891693115234375, 11.013829231262207, 3.750300884246826, 14.97068977355957, 0.0, 34.07105255126953, 20.031267166137695, 0.0, 37.97548294067383, 11.205092430114746, 12.642586708068848, 25.720794677734375, 0.0, 12.836798667907715, 31.545331954956055, 3.6875486373901367, 4.976627349853516, 4.949821949005127, 42.93326950073242, 16.600587844848633, 16.282482147216797, 5.42097806930542, 19.238067626953125, 19.377084732055664, 41.821144104003906, 14.664377212524414, 8.096611976623535, 9.002285957336426, 22.96729850769043, 22.50174331665039, 7.998648643493652, 17.889589309692383, 9.918085098266602, 12.657796859741211, 4.353037357330322, 2.4150609970092773, 3.39108943939209, 3.8833088874816895, 7.543560981750488, 2.1555514335632324, 4.116105556488037, 6.7269463539123535, 1.7421791553497314, 10.21036148071289, 2.6162502765655518, 6.637210845947266, 0.0, 0.0, 2.0828871726989746], "val_value_head_accuracy": [1.0, 1.0, 1.0, 1.0, 0.0, 0.0, 0.0, 0.0, 1.0, 1.0, 1.0, 0.0, 0.0, 0.0, 0.0, 0.0, 0.0, 0.0, 0.0, 0.0, 0.0, 0.0, 0.0, 0.0, 0.0, 0.0, 0.0, 0.0, 0.0, 0.0, 0.0, 0.0, 0.0, 0.0, 0.0, 0.0, 0.0, 0.0, 0.0, 0.0, 0.0, 0.0, 0.0, 0.0, 0.0, 0.0, 0.0, 0.0, 0.0, 0.0], "val_policy_head_accuracy": [0.0, 0.0, 0.0, 1.0, 0.0, 0.0, 0.0, 0.0, 0.0, 0.0, 1.0, 0.0, 0.0, 0.0, 0.0, 0.0, 0.0, 0.0, 0.0, 0.0, 0.0, 0.0, 0.0, 0.0, 0.0, 0.0, 0.0, 0.0, 1.0, 0.0, 0.0, 0.0, 0.0, 0.0, 0.0, 0.0, 0.0, 0.0, 0.0, 0.0, 0.0, 0.0, 0.0, 0.0, 0.0, 0.0, 0.0, 0.0, 0.0, 0.0]}}}
