{"best_agent": 1, "agent_1": {"iterations": [], "metrics": {"loss": [], "value_head_loss": [], "policy_head_loss": [], "value_head_accuracy": [], "policy_head_accuracy": [], "val_loss": [], "val_value_head_loss": [], "val_policy_head_loss": [], "val_value_head_accuracy": [], "val_policy_head_accuracy": []}}, "agent_2": {"iterations": [15, 15], "metrics": {"loss": [1.0911571979522705, 1.7073907852172852, 1.05812406539917, 1.254198431968689, 1.3965791463851929, 1.2863123416900635, 1.2990204095840454, 1.2133879661560059, 1.2423852682113647, 1.2415592670440674, 1.1488699913024902, 1.4787651300430298, 1.159749984741211, 1.243147373199463, 1.1374754905700684], "value_head_loss": [0.5793352723121643, 1.6131261587142944, 0.5887667536735535, 0.807659387588501, 1.1956928968429565, 0.8934623599052429, 1.0757873058319092, 0.8636701703071594, 0.932545006275177, 0.9373736381530762, 0.7954086661338806, 1.4943536520004272, 0.9342985153198242, 1.0732015371322632, 0.8587600588798523], "policy_head_loss": [1.4173327684402466, 1.6149072647094727, 1.3397337198257446, 1.5120601654052734, 1.407933235168457, 1.488851547241211, 1.331223487854004, 1.3714133501052856, 1.3599224090576172, 1.3528817892074585, 1.308952808380127, 1.2693250179290771, 1.190929889678955, 1.2184423208236694, 1.2211978435516357], "value_head_accuracy": [0.0, 0.0833333358168602, 0.0833333358168602, 0.0833333358168602, 0.0833333358168602, 0.0833333358168602, 0.0833333358168602, 0.1666666716337204, 0.0, 0.0, 0.0833333358168602, 0.0, 0.0833333358168602, 0.1666666716337204, 0.1666666716337204], "policy_head_accuracy": [0.0, 0.0833333358168602, 0.0, 0.0, 0.0833333358168602, 0.0, 0.0833333358168602, 0.0833333358168602, 0.0833333358168602, 0.0, 0.0, 0.0833333358168602, 0.1666666716337204, 0.25, 0.25], "val_loss": [3.4057233333587646, 2.1107921600341797, 2.5137691497802734, 2.191354990005493, 1.2387747764587402, 1.1190520524978638, 1.452521800994873, 1.183157205581665, 1.2809380292892456, 2.0763001441955566, 1.822670340538025, 1.2927480936050415, 1.0243167877197266, 1.4603419303894043, 2.1525845527648926], "val_value_head_loss": [2.2290942668914795, 1.4267147779464722, 1.1637104749679565, 1.9419827461242676, 0.4141418933868408, 0.5214887857437134, 0.6331830024719238, 0.6591662168502808, 1.2290830612182617, 2.500877857208252, 1.94686758518219, 0.899085521697998, 0.8464256525039673, 1.3604403734207153, 2.5144553184509277], "val_policy_head_loss": [4.395604610443115, 2.607121706008911, 3.6751508712768555, 2.2511954307556152, 1.8730967044830322, 1.525585412979126, 2.0801680088043213, 1.5148451328277588, 1.139930009841919, 1.458343744277954, 1.5046212673187256, 1.4921391010284424, 1.0075571537017822, 1.365250587463379, 1.595412254333496], "val_value_head_accuracy": [0.25, 0.0, 0.25, 0.0, 0.25, 0.0, 0.0, 0.0, 0.0, 0.0, 0.25, 0.25, 0.0, 0.25, 0.0], "val_policy_head_accuracy": [0.0, 0.0, 0.25, 0.25, 0.0, 0.0, 0.0, 0.0, 0.0, 0.0, 0.0, 0.25, 0.25, 0.25, 0.25]}}}