{"best_agent": 1, "agent_1": {"iterations": [2], "metrics": {"loss": [2.584575891494751, 1.1002771854400635], "value_head_loss": [1.8880196809768677, 9.023012535180897e-05], "policy_head_loss": [3.114595890045166, 2.0261688232421875], "value_head_accuracy": [0.0, 1.0], "policy_head_accuracy": [0.0, 0.0], "val_loss": [3.091277837753296, 5.597646713256836], "val_value_head_loss": [3.614365816116333, 3.9999923706054688], "val_policy_head_loss": [2.393894910812378, 7.000587463378906], "val_value_head_accuracy": [0.0, 0.0], "val_policy_head_accuracy": [0.0, 0.0]}}, "agent_2": {"iterations": [], "metrics": {"loss": [], "value_head_loss": [], "policy_head_loss": [], "value_head_accuracy": [], "policy_head_accuracy": [], "val_loss": [], "val_value_head_loss": [], "val_policy_head_loss": [], "val_value_head_accuracy": [], "val_policy_head_accuracy": []}}}