{"best_agent": -1, "agent_1": {"iterations": [1, 1, 1, 1, 1], "metrics": {"loss": [0.6277610659599304, 1.7294095754623413, 0.6541627645492554, 3.6269407272338867, 0.9591649770736694], "value_head_loss": [0.009160732850432396, 2.3814332485198975, 0.0006739725940860808, 3.895443916320801, 0.03549868240952492], "policy_head_loss": [1.079674243927002, 0.9102330803871155, 1.1361191272735596, 3.1767406463623047, 1.6869086027145386], "value_head_accuracy": [1.0, 0.0, 0.0, 0.0, 0.0], "policy_head_accuracy": [0.0, 0.0, 0.0, 0.0, 0.0], "val_loss": [0.6548819541931152, 1.150601863861084, 12.219259262084961, 21.748823165893555, 58.622467041015625], "val_value_head_loss": [0.22210034728050232, 6.846825328921113e-10, 4.0, 4.0, 4.0], "val_policy_head_loss": [0.9205107688903809, 2.129671335220337, 20.256824493408203, 39.301727294921875, 113.03199768066406], "val_value_head_accuracy": [1.0, 0.0, 0.0, 0.0, 0.0], "val_policy_head_accuracy": [0.0, 0.0, 0.0, 0.0, 0.0]}}, "agent_2": {"iterations": [50], "metrics": {"loss": [1.5778244733810425, 1.470080852508545, 1.2025140523910522, 1.5529979467391968, 1.3416345119476318, 1.307490587234497, 1.2296518087387085, 1.2253273725509644, 1.2449537515640259, 1.1216415166854858, 1.248473882675171, 1.0924060344696045, 1.2403534650802612, 1.0012924671173096, 0.8911423087120056, 0.7944570183753967, 0.8479761481285095, 0.8004584908485413, 0.8154861927032471, 0.6553454399108887, 0.7413275241851807, 1.0630854368209839, 1.0762217044830322, 1.046872854232788, 0.644967794418335, 1.5914950370788574, 0.7824094295501709, 0.8497762084007263, 1.1381174325942993, 0.6556470394134521, 1.2123111486434937, 1.1670305728912354, 1.4193425178527832, 0.8495674729347229, 0.8446500897407532, 1.0488474369049072, 0.685763955116272, 0.8992775082588196, 0.8280476927757263, 1.121985912322998, 0.8201968669891357, 0.919098436832428, 0.6646696329116821, 1.0672036409378052, 0.9133270382881165, 0.8033416271209717, 1.0001800060272217, 0.9178376793861389, 0.910991907119751, 1.267197608947754], "value_head_loss": [1.3222800493240356, 1.5005745887756348, 1.0379343032836914, 1.5266190767288208, 1.2405799627304077, 1.2134665250778198, 1.0508241653442383, 0.8659942150115967, 0.9079905152320862, 0.9105098247528076, 1.0556772947311401, 0.7443349957466125, 0.92303866147995, 0.8810884952545166, 0.6416649222373962, 0.3920687437057495, 0.19877108931541443, 0.32743120193481445, 0.23057445883750916, 0.03162778168916702, 0.22450928390026093, 0.36341673135757446, 0.5938884019851685, 0.5913201570510864, 0.004951500333845615, 1.6500518321990967, 0.296380877494812, 0.3618026077747345, 0.7661678791046143, 0.01704239659011364, 1.0329809188842773, 0.8176277279853821, 1.4312819242477417, 0.4829588830471039, 0.36363685131073, 0.7269825339317322, 0.00022682851704303175, 0.5460429787635803, 0.34041425585746765, 0.6577544808387756, 1.7015412367982208e-06, 0.3760938346385956, 0.004424715414643288, 0.7919456958770752, 0.42897146940231323, 0.045446429401636124, 0.3626595437526703, 0.4323473870754242, 0.3637089431285858, 1.0290687084197998], "policy_head_loss": [1.6666779518127441, 1.2722194194793701, 1.1978917121887207, 1.4074500799179077, 1.2674425840377808, 1.222566843032837, 1.2256146669387817, 1.397790551185608, 1.3910471200942993, 1.1379801034927368, 1.2426831722259521, 1.2382744550704956, 1.3520350456237793, 0.9126319289207458, 0.9287298321723938, 0.9821293354034424, 1.279834270477295, 1.053699016571045, 1.1783608198165894, 1.0549476146697998, 1.0321179628372192, 1.5349609851837158, 1.3291343450546265, 1.2715058326721191, 1.0526599884033203, 1.2992709875106812, 1.0335081815719604, 1.1016281843185425, 1.2728172540664673, 1.055940866470337, 1.1523399353027344, 1.2762103080749512, 1.1662999391555786, 0.9742393493652344, 1.0829274654388428, 1.1272066831588745, 1.1270636320114136, 1.007585048675537, 1.0701141357421875, 1.3400616645812988, 1.3936989307403564, 1.2149159908294678, 1.0772738456726074, 1.0944067239761353, 1.1492512226104736, 1.3124583959579468, 1.3886040449142456, 1.1539459228515625, 1.2086334228515625, 1.25545072555542], "value_head_accuracy": [0.1818181872367859, 0.1818181872367859, 0.0, 0.09090909361839294, 0.0, 0.0, 0.0, 0.0, 0.09090909361839294, 0.09090909361839294, 0.0, 0.0, 0.0, 0.09090909361839294, 0.09090909361839294, 0.1818181872367859, 0.4545454680919647, 0.1818181872367859, 0.4545454680919647, 0.4545454680919647, 0.5454545617103577, 0.7272727489471436, 0.5454545617103577, 0.4545454680919647, 0.3636363744735718, 0.3636363744735718, 0.4545454680919647, 0.27272728085517883, 0.3636363744735718, 0.27272728085517883, 0.3636363744735718, 0.3636363744735718, 0.1818181872367859, 0.1818181872367859, 0.4545454680919647, 0.27272728085517883, 0.6363636255264282, 0.3636363744735718, 0.5454545617103577, 0.3636363744735718, 0.3636363744735718, 0.5454545617103577, 0.3636363744735718, 0.5454545617103577, 0.3636363744735718, 0.3636363744735718, 0.7272727489471436, 0.4545454680919647, 0.3636363744735718, 0.27272728085517883], "policy_head_accuracy": [0.0, 0.0, 0.09090909361839294, 0.0, 0.0, 0.1818181872367859, 0.0, 0.0, 0.0, 0.09090909361839294, 0.0, 0.0, 0.0, 0.09090909361839294, 0.0, 0.0, 0.0, 0.0, 0.0, 0.0, 0.1818181872367859, 0.0, 0.0, 0.1818181872367859, 0.0, 0.09090909361839294, 0.09090909361839294, 0.1818181872367859, 0.0, 0.09090909361839294, 0.09090909361839294, 0.09090909361839294, 0.09090909361839294, 0.0, 0.0, 0.09090909361839294, 0.09090909361839294, 0.0, 0.0, 0.09090909361839294, 0.0, 0.09090909361839294, 0.1818181872367859, 0.0, 0.0, 0.0, 0.0, 0.09090909361839294, 0.0, 0.0], "val_loss": [1.4565551280975342, 0.9069133996963501, 1.2591156959533691, 1.748343825340271, 2.1303203105926514, 2.506704092025757, 2.7721002101898193, 1.849523901939392, 2.5663726329803467, 3.1045639514923096, 2.5252909660339355, 3.560014247894287, 3.335952043533325, 2.5623223781585693, 3.800952196121216, 4.12682580947876, 3.3251490592956543, 3.18937349319458, 2.3729472160339355, 2.0543808937072754, 2.316866159439087, 1.1953098773956299, 0.8644645810127258, 1.9797223806381226, 2.911188840866089, 3.7879891395568848, 2.416247606277466, 3.5124402046203613, 2.4375991821289062, 2.4612467288970947, 1.1476969718933105, 4.630189418792725, 3.4098124504089355, 2.100663185119629, 4.402316570281982, 3.2394142150878906, 3.892963409423828, 2.2996246814727783, 3.0583412647247314, 2.629126787185669, 2.8678348064422607, 3.881586790084839, 3.9073708057403564, 4.098556041717529, 2.00290584564209, 4.906726837158203, 2.4203763008117676, 3.032526731491089, 4.008334636688232, 2.1625876426696777], "val_value_head_loss": [1.6211668252944946, 0.6067766547203064, 0.8371061086654663, 1.644240379333496, 2.491595983505249, 3.161050319671631, 3.0314507484436035, 1.5794931650161743, 2.3511178493499756, 2.981551170349121, 1.5184561014175415, 0.7943755984306335, 0.7995861172676086, 1.599977731704712, 2.3336021900177, 1.5999996662139893, 3.1359219551086426, 1.944684344112879e-11, 0.7999998331069946, 0.6244089007377625, 1.2007106420242053e-10, 4.547473576627277e-14, 1.9117162963766532e-08, 4.547473576627277e-14, 2.3999996185302734, 1.4822965860366821, 5.767244874732569e-05, 2.3999996185302734, 4.547473576627277e-14, 1.4427006244659424, 4.547473576627277e-14, 0.7999998331069946, 0.001975896069779992, 1.5999997854232788, 4.547473576627277e-14, 0.800000011920929, 1.5999996662139893, 0.8000006675720215, 0.7999998331069946, 0.7999998331069946, 1.5999996662139893, 1.5999997854232788, 1.5999997854232788, 1.5999996662139893, 4.547473576627277e-14, 0.7999998331069946, 1.5999996662139893, 0.7999998331069946, 4.547473576627277e-14, 4.547473576627277e-14],