{"best_agent": -1, "agent_1": {"iterations": [1, 1, 1, 1, 1], "metrics": {"loss": [0.6277610659599304, 1.7294095754623413, 0.6541627645492554, 3.6269407272338867, 0.9591649770736694], "value_head_loss": [0.009160732850432396, 2.3814332485198975, 0.0006739725940860808, 3.895443916320801, 0.03549868240952492], "policy_head_loss": [1.079674243927002, 0.9102330803871155, 1.1361191272735596, 3.1767406463623047, 1.6869086027145386], "value_head_accuracy": [1.0, 0.0, 0.0, 0.0, 0.0], "policy_head_accuracy": [0.0, 0.0, 0.0, 0.0, 0.0], "val_loss": [0.6548819541931152, 1.150601863861084, 12.219259262084961, 21.748823165893555, 58.622467041015625], "val_value_head_loss": [0.22210034728050232, 6.846825328921113e-10, 4.0, 4.0, 4.0], "val_policy_head_loss": [0.9205107688903809, 2.129671335220337, 20.256824493408203, 39.301727294921875, 113.03199768066406], "val_value_head_accuracy": [1.0, 0.0, 0.0, 0.0, 0.0], "val_policy_head_accuracy": [0.0, 0.0, 0.0, 0.0, 0.0]}}, "agent_2": {"iterations": [50], "metrics": {"loss": [1.8551329374313354, 1.2148466110229492, 1.2250863313674927, 1.6711926460266113, 1.2941744327545166, 1.4137893915176392, 1.3654364347457886, 1.1556074619293213, 1.1805636882781982, 1.1281805038452148, 1.0786434412002563, 1.128707766532898, 1.1248966455459595, 1.0616180896759033, 1.059185266494751, 0.9718902111053467, 1.0410706996917725, 1.145707607269287, 1.070421814918518, 1.1272820234298706, 1.2171814441680908, 1.2320266962051392, 0.9248352646827698, 1.1078481674194336, 1.2258832454681396, 1.1735697984695435, 1.3041702508926392, 1.5132209062576294, 1.3298468589782715, 1.071376919746399, 0.989759624004364, 0.9592034816741943, 1.0935386419296265, 1.0804673433303833, 1.286724328994751, 1.0968050956726074, 1.2181326150894165, 0.9776334762573242, 1.154379963874817, 1.1566834449768066, 0.9865084290504456, 1.2550212144851685, 1.0038092136383057, 1.0016491413116455, 1.055562138557434, 1.0310966968536377, 0.9769617319107056, 1.0534003973007202, 1.114011287689209, 0.9325414299964905], "value_head_loss": [1.2506903409957886, 0.697844386100769, 0.8667745590209961, 1.7994552850723267, 1.1106555461883545, 1.2833815813064575, 1.221846580505371, 0.8976587057113647, 1.0751723051071167, 0.8087311387062073, 0.8379892706871033, 0.9013073444366455, 0.7935491800308228, 0.6846547722816467, 0.8151703476905823, 0.6416831016540527, 0.8270549774169922, 0.8983414173126221, 0.8640493750572205, 0.994845449924469, 0.9917920827865601, 1.0309251546859741, 0.5547370910644531, 1.0081238746643066, 1.0249546766281128, 0.9931346774101257, 1.345454216003418, 1.7748503684997559, 1.394743800163269, 0.8919523358345032, 0.7776308059692383, 0.6217750906944275, 0.8128253817558289, 0.8735050559043884, 1.161968469619751, 1.0100842714309692, 1.1750496625900269, 0.6753011345863342, 0.9603664875030518, 0.8582279086112976, 0.66956627368927, 1.1808022260665894, 0.8005861043930054, 0.7494804859161377, 0.8191108703613281, 0.7039685845375061, 0.6509822607040405, 0.8778509497642517, 0.9110257625579834, 0.7601296901702881], "policy_head_loss": [2.2930104732513428, 1.564990520477295, 1.415705919265747, 1.3740061521530151, 1.3072807788848877, 1.3721131086349487, 1.3351681232452393, 1.237870693206787, 1.108422040939331, 1.2682822942733765, 1.1381843090057373, 1.173303484916687, 1.2718358039855957, 1.2526606321334839, 1.1158591508865356, 1.1134310960769653, 1.0651888847351074, 1.202042579650879, 1.0847338438034058, 1.0667243003845215, 1.2487211227416992, 1.2384930849075317, 1.0995787382125854, 1.0115543603897095, 1.2302049398422241, 1.156875491142273, 1.065293550491333, 1.0535988807678223, 1.0666193962097168, 1.0521788597106934, 1.0030063390731812, 1.097524642944336, 1.1749463081359863, 1.0879569053649902, 1.2118626832962036, 0.9837887287139893, 1.0613751411437988, 1.0800284147262573, 1.1483663320541382, 1.2550287246704102, 1.1032657623291016, 1.128990650177002, 1.0067484378814697, 1.0535084009170532, 1.0916939973831177, 1.157901644706726, 1.1026229858398438, 1.0286402702331543, 1.116701602935791, 0.9046644568443298], "value_head_accuracy": [0.04545454680919647, 0.04545454680919647, 0.13636364042758942, 0.4545454680919647, 0.27272728085517883, 0.13636364042758942, 0.09090909361839294, 0.0, 0.09090909361839294, 0.04545454680919647, 0.1818181872367859, 0.09090909361839294, 0.09090909361839294, 0.13636364042758942, 0.09090909361839294, 0.22727273404598236, 0.13636364042758942, 0.13636364042758942, 0.13636364042758942, 0.09090909361839294, 0.04545454680919647, 0.09090909361839294, 0.13636364042758942, 0.4545454680919647, 0.3181818127632141, 0.40909090638160706, 0.40909090638160706, 0.1818181872367859, 0.3181818127632141, 0.3181818127632141, 0.3636363744735718, 0.3181818127632141, 0.27272728085517883, 0.04545454680919647, 0.1818181872367859, 0.22727273404598236, 0.04545454680919647, 0.04545454680919647, 0.0, 0.04545454680919647, 0.09090909361839294, 0.27272728085517883, 0.40909090638160706, 0.4545454680919647, 0.3636363744735718, 0.22727273404598236, 0.22727273404598236, 0.04545454680919647, 0.0, 0.13636364042758942], "policy_head_accuracy": [0.0, 0.0, 0.0, 0.0, 0.04545454680919647, 0.0, 0.13636364042758942, 0.13636364042758942, 0.09090909361839294, 0.04545454680919647, 0.04545454680919647, 0.04545454680919647, 0.09090909361839294, 0.0, 0.0, 0.04545454680919647, 0.1818181872367859, 0.0, 0.0, 0.09090909361839294, 0.13636364042758942, 0.04545454680919647, 0.09090909361839294, 0.09090909361839294, 0.04545454680919647, 0.1818181872367859, 0.13636364042758942, 0.0, 0.22727273404598236, 0.09090909361839294, 0.1818181872367859, 0.1818181872367859, 0.09090909361839294, 0.1818181872367859, 0.13636364042758942, 0.09090909361839294, 0.09090909361839294, 0.27272728085517883, 0.1818181872367859, 0.04545454680919647, 0.27272728085517883, 0.13636364042758942, 0.09090909361839294, 0.27272728085517883, 0.1818181872367859, 0.22727273404598236, 0.13636364042758942, 0.22727273404598236, 0.09090909361839294, 0.40909090638160706], "val_loss": [1.1849650144577026, 1.2489534616470337, 1.4349069595336914, 1.1626367568969727, 1.571310043334961, 1.1430444717407227, 1.1505852937698364, 1.396256446838379, 1.5772745609283447, 2.0276613235473633, 1.728417992591858, 2.0410726070404053, 0.8000081777572632, 1.782116174697876, 3.2906270027160645, 2.811021327972412, 1.79144287109375, 1.6584402322769165, 3.433438777923584, 2.835631847381592, 2.6552958488464355, 2.8543813228607178, 1.2306203842163086, 1.9837757349014282, 1.849242925643921, 1.3981739282608032, 1.5854089260101318, 1.5857622623443604, 1.4733318090438843, 2.0087060928344727, 1.7810264825820923, 1.6965612173080444, 2.0872488021850586, 1.5801777839660645, 1.3518874645233154, 1.6366418600082397, 1.0615392923355103, 1.278522253036499, 1.1244481801986694, 1.1929112672805786, 1.0698049068450928, 1.062635898590088, 1.1837612390518188, 0.893284022808075, 0.9000529050827026, 1.8263736963272095, 1.4563573598861694, 0.9437435865402222, 1.141218900680542, 1.2453088760375977], "val_value_head_loss": [0.7464438080787659, 1.056018590927124, 1.3743460178375244, 0.967293918132782, 1.5700703859329224, 0.9242070317268372, 0.6956523656845093, 0.7936158776283264, 0.7201801538467407, 1.4871095418930054, 1.1237437725067139, 1.2559788227081299, 0.41067323088645935, 1.2476412057876587, 2.1021533012390137, 2.0674335956573486, 0.5505421757698059, 1.364903211593628, 1.6656830310821533, 1.3336279392242432, 2.1271138191223145, 1.9293310642242432, 0.3282908797264099, 1.7110786437988281, 0.4950889050960541, 0.9333733320236206, 1.200795292854309, 0.9174408912658691, 0.6233403086662292, 1.2579399347305298, 1.0990517139434814, 1.2978521585464478, 2.1999011039733887, 1.2996089458465576, 1.1827512979507446, 1.5425419807434082, 0.7131599187850952, 0.9281623959541321, 0.9152663946151733, 1.0222694873809814, 0.7097234725952148, 0.4611871838569641, 1.0103048086166382, 0.30382052063941956, 0.41058817505836487, 1.8537479639053345, 0.9378558397293091, 0.5372680425643921, 0.8616737127304077, 0.9443491697311401],