{"best_agent": -1, "agent_1": {"version": 2, "iterations": [3], "metrics": {"loss": [1.280161738395691, 2.061391592025757, 147842352.0], "value_head_loss": [1.0, 1.0958983898162842, 0.6026113629341125], "policy_head_loss": [1.3862943649291992, 2.85286283493042, 2.0329620838165283], "value_head_accuracy": [0.0, 0.0, 0.0], "policy_head_accuracy": [0.0, 0.0, 0.0], "val_loss": [3498533.0, 160096550125568.0, 703119744.0], "val_value_head_loss": [4.0, 0.0, 0.0], "val_policy_head_loss": [6997062.0, 320192798261248.0, 338840128.0], "val_value_head_accuracy": [0.0, 1.0, 1.0], "val_policy_head_accuracy": [0.0, 0.0, 0.0]}}, "agent_2": {"version": 2, "iterations": [3], "metrics": {"loss": [1.7778347730636597, 1.0504132509231567, 0.6528878808021545], "value_head_loss": [1.8720529079437256, 0.2495863288640976, 2.830570338119287e-07], "policy_head_loss": [1.5099825859069824, 1.6650567054748535, 1.0866849422454834], "value_head_accuracy": [0.0, 1.0, 1.0], "policy_head_accuracy": [0.0, 0.0, 1.0], "val_loss": [1.172837734222412, 11.84968376159668, 33.449989318847656], "val_value_head_loss": [0.5212301015853882, 0.0, 0.0], "val_policy_head_loss": [1.6382620334625244, 23.48027801513672, 66.63372039794922], "val_value_head_accuracy": [0.0, 1.0, 1.0], "val_policy_head_accuracy": [0.0, 0.0, 0.0]}}}