{"best_agent": -1, "agent_1": {"iterations": [10, 10, 10], "metrics": {"loss": [1.4502100944519043, 1.3058733940124512, 1.0586040019989014, 1.119394063949585, 0.9856380224227905, 0.9242250919342041, 1.0527520179748535, 0.7983922362327576, 1.4916259050369263, 1.155340313911438, 0.6447120308876038, 0.8949851393699646, 0.719475507736206, 0.7133965492248535, 0.6529959440231323, 0.8598430752754211, 0.685519278049469, 0.5445358753204346, 0.6294918060302734, 0.8961950540542603, 1.0932451486587524, 1.0025895833969116, 0.9372682571411133, 1.0134668350219727, 1.1145254373550415, 0.9440624117851257, 0.9199429154396057, 1.0469799041748047, 0.9420042634010315, 0.7869115471839905], "value_head_loss": [1.255456805229187, 1.1816229820251465, 0.7572748064994812, 0.7766733765602112, 0.9152382016181946, 0.6700964570045471, 0.9670482277870178, 0.4327126443386078, 1.6517049074172974, 0.7258864045143127, 0.4586568772792816, 0.9748048782348633, 0.5821260809898376, 0.6399828195571899, 0.36357489228248596, 0.8015833497047424, 0.8086227178573608, 0.35686275362968445, 0.548500120639801, 1.0028468370437622, 0.8046373724937439, 1.0559941530227661, 0.5991520285606384, 0.731449544429779, 0.9279857277870178, 0.6294637322425842, 0.8315318822860718, 0.8117385506629944, 0.811725378036499, 0.916141152381897], "policy_head_loss": [1.4782382249832153, 1.262913703918457, 1.19142484664917, 1.2917170524597168, 0.8833356499671936, 1.003102421760559, 0.9605100750923157, 0.9833816885948181, 1.148119330406189, 1.398697018623352, 0.6420990228652954, 0.6240453720092773, 0.66339111328125, 0.5912010669708252, 0.7447733283042908, 0.718570351600647, 0.36114513874053955, 0.5293416976928711, 0.5061466693878174, 0.5838668942451477, 1.1749547719955444, 0.7411755919456482, 1.0663650035858154, 1.085557460784912, 1.0903174877166748, 1.0471727848052979, 0.7962015271186829, 1.069480061531067, 0.8590163588523865, 0.44394224882125854], "value_head_accuracy": [0.27272728085517883, 0.1818181872367859, 0.3636363744735718, 0.1818181872367859, 0.4545454680919647, 0.27272728085517883, 0.1818181872367859, 0.27272728085517883, 0.09090909361839294, 0.1818181872367859, 0.5454545617103577, 0.09090909361839294, 0.4545454680919647, 0.3636363744735718, 0.6363636255264282, 0.27272728085517883, 0.27272728085517883, 0.6363636255264282, 0.4545454680919647, 0.09090909361839294, 0.27272728085517883, 0.09090909361839294, 0.3636363744735718, 0.27272728085517883, 0.09090909361839294, 0.3636363744735718, 0.27272728085517883, 0.1818181872367859, 0.1818181872367859, 0.09090909361839294], "policy_head_accuracy": [0.09090909361839294, 0.27272728085517883, 0.0, 0.0, 0.0, 0.09090909361839294, 0.0, 0.0, 0.09090909361839294, 0.0, 0.09090909361839294, 0.1818181872367859, 0.0, 0.0, 0.1818181872367859, 0.1818181872367859, 0.1818181872367859, 0.1818181872367859, 0.0, 0.0, 0.09090909361839294, 0.0, 0.0, 0.0, 0.0, 0.0, 0.09090909361839294, 0.0, 0.09090909361839294, 0.09090909361839294], "val_loss": [1.312814474105835, 1.1882485151290894, 1.1019097566604614, 1.8249032497406006, 1.712701439857483, 2.2747395038604736, 0.8066020011901855, 4.657547950744629, 3.1484529972076416, 3.2774415016174316, 2.5093681812286377, 2.1165428161621094, 1.7679764032363892, 6.893303871154785, 2.5633580684661865, 2.5728416442871094, 3.8382716178894043, 2.376866340637207, 3.529514789581299, 1.8036035299301147, 8.062727928161621, 2.4095373153686523, 2.3818869590759277, 3.662346363067627, 2.696559190750122, 7.679234504699707, 1.117677092552185, 2.050276279449463, 0.676378607749939, 1.6318652629852295], "val_value_head_loss": [1.489508867263794, 0.866490364074707, 0.6575891375541687, 1.5581766366958618, 1.3781791925430298, 0.5590840578079224, 0.6110585927963257, 1.7576782703399658, 1.7215375900268555, 2.5707883834838867, 0.5938564538955688, 0.9269677400588989, 0.39032652974128723, 1.2064001560211182, 0.8701055645942688, 1.6319029331207275, 0.4000000059604645, 1.002203345298767, 1.1187939643859863, 1.5869545936584473, 1.7999995946884155, 1.98675537109375, 1.3594350814819336, 1.22102689743042, 1.3019084930419922, 1.2745755910873413, 0.5687731504440308, 1.1017898321151733, 0.4803551137447357, 0.9654458165168762], "val_policy_head_loss": [0.9689098596572876, 1.3414983749389648, 1.3758326768875122, 1.9189274311065674, 1.8719720840454102, 3.8124489784240723, 0.8214553594589233, 7.373990058898926, 4.389270782470703, 3.7954261302948, 4.233759880065918, 3.1126835346221924, 2.950016498565674, 12.382563591003418, 4.057077407836914, 3.3125100135803223, 7.073677062988281, 3.547192335128784, 5.734559059143066, 1.813354253768921, 14.117446899414062, 2.6232993602752686, 3.1944117546081543, 5.892917633056641, 3.8797218799591064, 13.871740341186523, 1.4538395404815674, 2.7854955196380615, 0.6586626172065735, 2.0841219425201416], "val_value_head_accuracy": [0.0, 0.0, 0.4000000059604645, 0.4000000059604645, 0.20000000298023224, 0.20000000298023224, 0.20000000298023224, 0.20000000298023224, 0.20000000298023224, 0.20000000298023224, 0.4000000059604645, 0.6000000238418579, 0.800000011920929, 0.4000000059604645, 0.4000000059604645, 0.0, 0.4000000059604645, 0.20000000298023224, 0.20000000298023224, 0.800000011920929, 0.20000000298023224, 0.20000000298023224, 0.20000000298023224, 0.4000000059604645, 0.0, 0.0, 0.4000000059604645, 0.0, 0.6000000238418579, 0.4000000059604645], "val_policy_head_accuracy": [0.20000000298023224, 0.0, 0.0, 0.0, 0.0, 0.0, 0.0, 0.0, 0.0, 0.20000000298023224, 0.0, 0.20000000298023224, 0.0, 0.20000000298023224, 0.0, 0.0, 0.20000000298023224, 0.0, 0.0, 0.20000000298023224, 0.0, 0.4000000059604645, 0.0, 0.0, 0.0, 0.0, 0.0, 0.0, 0.0, 0.0]}}, "agent_2": {"iterations": [10, 10], "metrics": {"loss": [1.488125205039978, 1.5503214597702026, 1.3700307607650757, 1.2380090951919556, 1.1486848592758179, 1.1112309694290161, 1.2436649799346924, 1.0381108522415161, 1.1914982795715332, 1.0676265954971313, 1.3223826885223389, 0.9767866134643555, 1.5364283323287964, 1.12030827999115, 1.0075852870941162, 1.0262165069580078, 1.0901589393615723, 1.1165521144866943, 1.2793735265731812, 1.171816349029541], "value_head_loss": [1.1893889904022217, 1.237944483757019, 0.9501153826713562, 1.0815249681472778, 0.9183143377304077, 0.7018976211547852, 0.9720122814178467, 0.6506577134132385, 0.8972634673118591, 0.4825291931629181, 1.0644786357879639, 0.47113755345344543, 1.3465849161148071, 0.6869685649871826, 0.5928559899330139, 0.6425939202308655, 0.6339396834373474, 1.0896732807159424, 1.1288902759552002, 0.9661878347396851], "policy_head_loss": [1.620337724685669, 1.6958590745925903, 1.6222325563430786, 1.2254481315612793, 1.208358645439148, 1.3480175733566284, 1.340798020362854, 1.249019980430603, 1.3071640729904175, 1.472163438796997, 1.3977962732315063, 1.2980945110321045, 1.5401686429977417, 1.365917682647705, 1.2330775260925293, 1.2192020416259766, 1.3544539213180542, 0.9503238201141357, 1.235660433769226, 1.1822494268417358], "value_head_accuracy": [0.27272728085517883, 0.5454545617103577, 0.27272728085517883, 0.27272728085517883, 0.1818181872367859, 0.1818181872367859, 0.1818181872367859, 0.3636363744735718, 0.1818181872367859, 0.3636363744735718, 0.0, 0.3636363744735718, 0.0, 0.1818181872367859, 0.27272728085517883, 0.27272728085517883, 0.4545454680919647, 0.1818181872367859, 0.1818181872367859, 0.09090909361839294], "policy_head_accuracy": [0.09090909361839294, 0.0, 0.1818181872367859, 0.0, 0.0, 0.09090909361839294, 0.0, 0.09090909361839294, 0.0, 0.0, 0.0, 0.0, 0.0, 0.0, 0.0, 0.1818181872367859, 0.09090909361839294, 0.1818181872367859, 0.1818181872367859, 0.0], "val_loss": [1.3115290403366089, 1.2008275985717773, 0.8761759996414185, 1.572975754737854, 1.6065105199813843, 1.3710033893585205, 3.0456480979919434, 2.506242513656616, 2.900660276412964, 4.64614200592041, 3.0855586528778076, 6.745537757873535, 4.35395622253418, 3.658724308013916, 2.5728697776794434, 4.278396129608154, 5.311972141265869, 8.007381439208984, 2.733583688735962, 4.591185569763184],