{"best_agent": 1, "agent_1": {"version": 1, "iterations": [], "metrics": {"loss": [], "value_head_loss": [], "policy_head_loss": [], "value_head_accuracy": [], "policy_head_accuracy": [], "val_loss": [], "val_value_head_loss": [], "val_policy_head_loss": [], "val_value_head_accuracy": [], "val_policy_head_accuracy": []}}, "agent_2": {"version": 2, "iterations": [3], "metrics": {"loss": [0.5108364820480347, 0.5670390725135803, 0.14704565703868866], "value_head_loss": [0.8524309992790222, 0.9395813941955566, 0.033418942242860794], "policy_head_loss": [0.0, 0.0, 0.0], "value_head_accuracy": [0.0, 1.0, 1.0], "policy_head_accuracy": [0.0, 0.0, 0.0], "val_loss": [0.39436769485473633, 0.2636139988899231, 0.677746057510376], "val_value_head_loss": [0.5942386984825134, 0.2665556073188782, 1.0], "val_policy_head_loss": [0.0, 0.0, 0.0], "val_value_head_accuracy": [1.0, 1.0, 1.0], "val_policy_head_accuracy": [0.0, 0.0, 0.0]}}}