{"best_agent": -1, "agent_1": {"version": 4, "iterations": [3, 3, 3, 3], "metrics": {"loss": [0.10196316987276077, 0.5129415392875671, 0.37381160259246826, 0.5016152858734131, 1.1432875394821167, 0.6952511072158813, 0.5803157091140747, 0.5842620134353638, 0.5861766338348389, 2.0867459774017334, 0.0886625349521637, 0.08935762196779251], "value_head_loss": [0.03750250115990639, 0.8592482805252075, 0.5804421901702881, 0.12485389411449432, 0.004722460638731718, 0.00035445671528577805, 0.9891051650047302, 0.9955729246139526, 0.99793541431427, 3.9976062774658203, 6.160013299449929e-08, 2.5650482626815574e-08], "policy_head_loss": [0.0, 0.0, 0.0, 0.710411548614502, 2.112853765487671, 1.2199506759643555, 0.0, 0.0, 0.0, 0.0, 0.0, 0.0], "value_head_accuracy": [1.0, 1.0, 1.0, 1.0, 1.0, 1.0, 0.0, 0.0, 0.0, 0.0, 1.0, 1.0], "policy_head_accuracy": [0.0, 0.0, 0.0, 0.0, 0.0, 0.0, 0.0, 0.0, 0.0, 0.0, 0.0, 0.0], "val_loss": [0.19417357444763184, 0.21679027378559113, 0.22388289868831635, 3.9688570499420166, 4.999146938323975, 4.406898021697998, 0.5864755511283875, 0.5872088670730591, 0.5879428386688232, 0.08866250514984131, 2.089357376098633, 2.0900208950042725], "val_value_head_loss": [0.2217123955488205, 0.26639944314956665, 0.27980074286460876, 3.8822829723358154, 3.9983632564544678, 3.9999961853027344, 1.0, 1.0, 1.0, 0.0, 4.0, 4.0], "val_policy_head_loss": [0.0, 0.0, 0.0, 3.8864316940307617, 5.829733848571777, 4.642273426055908, 0.0, 0.0, 0.0, 0.0, 0.0, 0.0], "val_value_head_accuracy": [1.0, 1.0, 0.0, 0.0, 0.0, 0.0, 0.0, 0.0, 0.0, 1.0, 0.0, 0.0], "val_policy_head_accuracy": [0.0, 0.0, 0.0, 0.0, 0.0, 0.0, 0.0, 0.0, 0.0, 0.0, 0.0, 0.0]}}, "agent_2": {"version": 6, "iterations": [3, 3, 3, 3, 3, 3], "metrics": {"loss": [1.0320210456848145, 0.9716018438339233, 2.9467718601226807, 2.8317203521728516, 1.1500674486160278, 1.0553839206695557, 1.7456843852996826, 0.10101684927940369, 2.1038777828216553, 0.5577784776687622, 0.24870094656944275, 0.5820930004119873, 0.5999056100845337, 0.6029582619667053, 0.5823177695274353, 0.9553804397583008, 2.300734519958496, 1.118540644645691], "value_head_loss": [0.20150654017925262, 0.0004895238089375198, 3.970395803451538, 3.9615700244903564, 0.0026343376375734806, 0.011117358691990376, 3.2965216636657715, 3.139845716759737e-07, 3.9981491565704346, 0.8982423543930054, 0.272438645362854, 0.931689977645874, 0.9599425792694092, 0.958936333656311, 0.9108743667602539, 0.03172028437256813, 2.741600275039673, 0.4006946086883545], "policy_head_loss": [1.6960333585739136, 1.7749460935592651, 1.752085566520691, 1.5260648727416992, 2.1159260272979736, 1.9116299152374268, 0.0, 0.0, 0.0, 0.0, 0.0, 0.0, 0.0, 0.0, 0.0, 1.61887788772583, 1.5936909914016724, 1.564643383026123], "value_head_accuracy": [0.0, 0.0, 0.0, 0.0, 0.0, 0.0, 0.0, 1.0, 0.0, 0.0, 0.0, 1.0, 1.0, 1.0, 1.0, 0.0, 0.0, 0.0], "policy_head_accuracy": [0.0, 0.0, 0.0, 0.0, 0.0, 0.0, 0.0, 0.0, 0.0, 0.0, 0.0, 0.0, 0.0, 0.0, 0.0, 0.0, 0.0, 0.0], "val_loss": [2.4187192916870117, 2.7006540298461914, 1.2952932119369507, 1.4164737462997437, 2.7964837551116943, 3.0427253246307373, 2.1010165214538574, 2.1048033237457275, 0.1086573451757431, 0.6124813556671143, 0.6162479519844055, 0.6199343204498291, 0.6234900951385498, 0.6268805265426636, 0.6300814151763916, 1.556580901145935, 4.1861653327941895, 3.3196005821228027], "val_value_head_loss": [3.4921908378601074, 3.987510919570923, 0.0, 1.3393588460530736e-09, 4.0, 4.0, 4.0, 4.0, 0.0, 0.9999995231628418, 1.0, 1.0, 1.0, 1.0, 1.0, 0.0, 0.0016352363163605332, 0.0], "val_policy_head_loss": [1.17747962474823, 1.2427343130111694, 2.414780378341675, 2.6513729095458984, 1.404947280883789, 1.8906038999557495, 0.0, 0.0, 0.0, 0.0, 0.0, 0.0, 0.0, 0.0, 0.0, 2.8469839096069336, 8.098952293395996, 6.3622541427612305], "val_value_head_accuracy": [0.0, 0.0, 0.0, 0.0, 0.0, 0.0, 0.0, 0.0, 1.0, 1.0, 1.0, 1.0, 1.0, 1.0, 0.0, 1.0, 0.0, 0.0], "val_policy_head_accuracy": [0.0, 0.0, 1.0, 0.0, 0.0, 0.0, 0.0, 0.0, 0.0, 0.0, 0.0, 0.0, 0.0, 0.0, 0.0, 0.0, 0.0, 0.0]}}}