{"best_agent": -1, "agent_1": {"iterations": [4, 10, 10, 10], "metrics": {"loss": [1.2716007232666016, 1.4142531156539917, 1.0326679944992065, 0.8735326528549194, 1.4417080879211426, 0.8363134264945984, 0.9117289185523987, 0.5174335837364197, 0.6087810397148132, 0.7128117680549622, 0.9125430583953857, 0.8451337814331055, 0.6731395125389099, 0.6854013204574585, 1.0569478273391724, 0.5339677333831787, 0.5304374694824219, 0.9767025113105774, 1.2566735744476318, 0.5029284358024597, 0.6390610933303833, 0.2520463764667511, 0.5081514120101929, 0.7612763047218323, 0.21354332566261292, 0.5331175923347473, 0.5704119205474854, 0.5000812411308289, 0.44227591156959534, 0.3159295618534088, 0.5479604601860046, 0.4813465178012848, 0.3757220506668091, 0.4993652403354645], "value_head_loss": [0.7806501388549805, 1.2115799188613892, 1.067118525505066, 0.6260733604431152, 1.933519721031189, 0.4657496511936188, 0.5003904104232788, 0.3008999824523926, 0.4297603368759155, 0.501347541809082, 1.0912401676177979, 0.4802151620388031, 0.37157920002937317, 0.5795831680297852, 1.0652263164520264, 0.48528099060058594, 0.3826935887336731, 1.2879191637039185, 1.717953085899353, 0.3986611068248749, 0.5873469710350037, 0.13408991694450378, 0.5287873148918152, 0.731137216091156, 0.0051050749607384205, 0.35592103004455566, 0.3634561598300934, 0.27255675196647644, 0.2727244198322296, 0.09090904891490936, 0.08870510756969452, 0.1818140149116516, 0.09090909361839294, 0.3636337220668793], "policy_head_loss": [1.596142292022705, 1.4502705335617065, 0.8308612704277039, 0.9525529742240906, 0.7800962924957275, 1.0355539321899414, 1.1500725746154785, 0.5592172145843506, 0.611266016960144, 0.7459735870361328, 0.5538180470466614, 1.0283722877502441, 0.7914476990699768, 0.6064898371696472, 0.8625465631484985, 0.39521825313568115, 0.48949241638183594, 0.4756137728691101, 0.6044288277626038, 0.41523459553718567, 0.4978756010532379, 0.17621855437755585, 0.2929140329360962, 0.5960538387298584, 0.22590063512325287, 0.5135670304298401, 0.5800125598907471, 0.5297041535377502, 0.4134320914745331, 0.34211018681526184, 0.807976484298706, 0.581288754940033, 0.4606289565563202, 0.4349079132080078], "value_head_accuracy": [0.1818181872367859, 0.09090909361839294, 0.1818181872367859, 0.3636363744735718, 0.27272728085517883, 0.09090909361839294, 0.3636363744735718, 0.4545454680919647, 0.7272727489471436, 0.1818181872367859, 0.3636363744735718, 0.27272728085517883, 0.6363636255264282, 0.4545454680919647, 0.5454545617103577, 0.4545454680919647, 0.3636363744735718, 0.27272728085517883, 0.09090909361839294, 0.3636363744735718, 0.4545454680919647, 0.8181818127632141, 0.6363636255264282, 0.27272728085517883, 0.6363636255264282, 0.5454545617103577, 0.9090909361839294, 0.5454545617103577, 0.5454545617103577, 0.3636363744735718, 0.4545454680919647, 0.4545454680919647, 0.6363636255264282, 0.5454545617103577], "policy_head_accuracy": [0.0, 0.0, 0.09090909361839294, 0.0, 0.0, 0.09090909361839294, 0.09090909361839294, 0.0, 0.0, 0.1818181872367859, 0.1818181872367859, 0.09090909361839294, 0.0, 0.3636363744735718, 0.09090909361839294, 0.1818181872367859, 0.09090909361839294, 0.09090909361839294, 0.0, 0.0, 0.1818181872367859, 0.09090909361839294, 0.1818181872367859, 0.1818181872367859, 0.0, 0.1818181872367859, 0.0, 0.09090909361839294, 0.09090909361839294, 0.0, 0.27272728085517883, 0.0, 0.0, 0.09090909361839294], "val_loss": [0.9436689615249634, 1.334783673286438, 1.680626630783081, 1.3469977378845215, 0.5975303649902344, 1.0708627700805664, 1.1348505020141602, 1.950476884841919, 1.301527976989746, 2.0802693367004395, 1.8281768560409546, 1.1456314325332642, 1.4298564195632935, 1.3777210712432861, 1.8975207805633545, 1.3027660846710205, 2.2886641025543213, 0.9560729265213013, 1.2239916324615479, 1.538381576538086, 11.70763111114502, 1.5131869316101074, 5.5172834396362305, 9.303582191467285, 0.42772525548934937, 4.593881130218506, 1.2910453081130981, 1.3363993167877197, 1.9887409210205078, 0.6833640336990356, 3.1908936500549316, 5.40520715713501, 1.0390716791152954, 1.862871766090393], "val_value_head_loss": [0.7745391130447388, 1.3150222301483154, 1.8807300329208374, 1.4071156978607178, 0.42971205711364746, 0.8799839019775391, 1.0177632570266724, 1.0161712169647217, 1.5999997854232788, 2.1790478229522705, 1.1999975442886353, 0.3999999165534973, 1.9999994039535522, 0.799409031867981, 2.582026720046997, 0.2869803309440613, 0.3999999165534973, 0.6870609521865845, 0.8116360902786255, 1.0991694927215576, 0.1976577341556549, 1.1942968368530273, 0.9725039601325989, 0.40650874376296997, 3.7844201870029792e-06, 0.19999966025352478, 0.9999997019767761, 4.547473576627277e-14, 0.20000000298023224, 0.20000000298023224, 0.19999989867210388, 0.39999979734420776, 4.547473576627277e-14, 0.19999989867210388], "val_policy_head_loss": [0.9461433291435242, 1.1871888637542725, 1.312084436416626, 1.117079496383667, 0.5940253138542175, 1.0887471437454224, 1.0771877765655518, 2.7082464694976807, 0.8247534036636353, 1.8014627695083618, 2.2746758460998535, 1.7080109119415283, 0.6749837398529053, 1.769910216331482, 1.025578498840332, 2.1298627853393555, 3.987455368041992, 1.0341193675994873, 1.4443857669830322, 1.7846940755844116, 23.023818969726562, 1.637475609779358, 9.866701126098633, 18.004575729370117, 0.6586995720863342, 8.79040813446045, 1.3841893672943115, 2.4744033813476562, 3.578641891479492, 0.9674887657165527, 5.982197284698486, 10.210508346557617, 1.8779544830322266, 3.3253026008605957], "val_value_head_accuracy": [0.20000000298023224, 0.20000000298023224, 0.20000000298023224, 0.20000000298023224, 0.6000000238418579, 0.6000000238418579, 0.6000000238418579, 0.6000000238418579, 0.6000000238418579, 0.20000000298023224, 0.4000000059604645, 0.6000000238418579, 0.20000000298023224, 0.800000011920929, 0.20000000298023224, 0.6000000238418579, 0.6000000238418579, 0.20000000298023224, 0.0, 0.6000000238418579, 0.800000011920929, 0.4000000059604645, 0.4000000059604645, 0.20000000298023224, 0.20000000298023224, 0.6000000238418579, 0.20000000298023224, 0.6000000238418579, 0.4000000059604645, 0.6000000238418579, 0.20000000298023224, 0.20000000298023224, 0.6000000238418579, 0.6000000238418579], "val_policy_head_accuracy": [0.20000000298023224, 0.0, 0.0, 0.4000000059604645, 0.0, 0.0, 0.0, 0.0, 0.0, 0.20000000298023224, 0.0, 0.0, 0.0, 0.0, 0.0, 0.0, 0.20000000298023224, 0.0, 0.0, 0.0, 0.20000000298023224, 0.0, 0.0, 0.20000000298023224, 0.0, 0.0, 0.0, 0.0, 0.20000000298023224, 0.20000000298023224, 0.0, 0.0, 0.0, 0.20000000298023224]}}, "agent_2": {"iterations": [4, 10, 10], "metrics": {"loss": [1.297286868095398, 0.9100582599639893, 1.9888800382614136, 1.5236855745315552, 0.9320533275604248, 1.0553900003433228, 0.8440912365913391, 0.7089979648590088, 0.5876545906066895, 0.5069007873535156, 0.8825649619102478, 0.9099509716033936, 0.7215796709060669, 0.6171674132347107, 0.8835397362709045, 0.6351173520088196, 1.0507041215896606, 0.6311229467391968, 0.6153016686439514, 0.6927919983863831, 0.8156478404998779, 1.0267786979675293, 0.7589552402496338, 0.870476484298706], "value_head_loss": [0.9930883049964905, 0.35966575145721436, 2.1352503299713135, 1.1751017570495605, 0.8290426135063171, 0.874380350112915, 0.7006674408912659, 0.4383642077445984, 0.5007278919219971, 0.23013895750045776, 0.847507119178772, 0.6638033390045166, 0.2172306925058365, 0.30249330401420593, 0.8743454217910767, 0.2550956904888153, 1.1143602132797241, 0.4135185480117798, 0.4170174300670624, 0.6661601662635803, 0.6293728351593018, 1.0907057523727417, 0.6703470945358276, 0.7880129218101501],