{"best_agent": 1, "agent_1": {"version": 1, "iterations": [], "metrics": {"loss": [], "value_head_loss": [], "policy_head_loss": [], "value_head_accuracy": [], "policy_head_accuracy": [], "val_loss": [], "val_value_head_loss": [], "val_policy_head_loss": [], "val_value_head_accuracy": [], "val_policy_head_accuracy": []}}, "agent_2": {"version": 1, "iterations": [3], "metrics": {"loss": [1.5600967407226562, 2.759963274002075, 57294716928.0], "value_head_loss": [1.0, 2.846099376678467, 3.9751174449920654], "policy_head_loss": [1.945910096168518, 2.499612808227539, 1.9084320068359375], "value_head_accuracy": [0.0, 0.0, 0.0], "policy_head_accuracy": [0.0, 0.0, 0.0], "val_loss": [27340222.0, 183768480481280.0, 206903246848.0], "val_value_head_loss": [4.0, 0.0, 0.0], "val_policy_head_loss": [54680440.0, 367422372577280.0, 225726000.0], "val_value_head_accuracy": [0.0, 1.0, 1.0], "val_policy_head_accuracy": [0.0, 0.0, 0.0]}}}