{"best_agent": -1, "agent_1": {"version": 0, "iterations": [], "metrics": {"loss": [], "value_head_loss": [], "policy_head_loss": [], "value_head_accuracy": [], "policy_head_accuracy": [], "val_loss": [], "val_value_head_loss": [], "val_policy_head_loss": [], "val_value_head_accuracy": [], "val_policy_head_accuracy": []}}, "agent_2": {"version": 2, "iterations": [3, 3], "metrics": {"loss": [0.9761000275611877, 3.7620081901550293, 0.7619737386703491, 0.6036494970321655, 0.6164935827255249, 0.6304717063903809], "value_head_loss": [0.4995470941066742, 3.994189500808716, 1.5910126194285112e-06, 0.9992644786834717, 0.9997571706771851, 0.9999055862426758], "policy_head_loss": [1.285719871520996, 3.3573100566864014, 1.3368620872497559, 0.0, 0.0, 0.0], "value_head_accuracy": [0.0, 0.0, 1.0, 0.0, 0.0, 0.0], "policy_head_accuracy": [0.0, 0.0, 0.0, 0.0, 0.0, 0.0], "val_loss": [3.457296133041382, 1.8582308292388916, 11.30050277709961, 0.6166149973869324, 0.630518913269043, 0.6451089382171631], "val_value_head_loss": [4.0, 0.0, 4.0, 1.0, 1.0, 1.0], "val_policy_head_loss": [2.7420754432678223, 3.5293779373168945, 18.39297103881836, 0.0, 0.0, 0.0], "val_value_head_accuracy": [0.0, 1.0, 0.0, 0.0, 0.0, 0.0], "val_policy_head_accuracy": [0.0, 0.0, 0.0, 0.0, 0.0, 0.0]}}}