{"best_agent": 1, "agent_1": {"version": 1, "iterations": [], "metrics": {"loss": [], "value_head_loss": [], "policy_head_loss": [], "value_head_accuracy": [], "policy_head_accuracy": [], "val_loss": [], "val_value_head_loss": [], "val_policy_head_loss": [], "val_value_head_accuracy": [], "val_policy_head_accuracy": []}}, "agent_2": {"version": 2, "iterations": [3], "metrics": {"loss": [1.5575141906738281, 1.601162075996399, 3819807488.0], "value_head_loss": [1.0, 0.9314416646957397, 3.999990940093994], "policy_head_loss": [1.9459099769592285, 2.1018316745758057, 1.450173020362854], "value_head_accuracy": [0.0, 0.0, 0.0], "policy_head_accuracy": [0.0, 0.0, 0.0], "val_loss": [73289440.0, 988663487922176.0, 13832409088.0], "val_value_head_loss": [4.0, 4.0, 4.0], "val_policy_head_loss": [146578880.0, 1977319325433856.0, 91619952.0], "val_value_head_accuracy": [0.0, 0.0, 0.0], "val_policy_head_accuracy": [0.0, 0.0, 0.0]}}}