{"best_agent": 1, "agent_1": {"version": 1, "iterations": [], "metrics": {"loss": [], "value_head_loss": [], "policy_head_loss": [], "value_head_accuracy": [], "policy_head_accuracy": [], "val_loss": [], "val_value_head_loss": [], "val_policy_head_loss": [], "val_value_head_accuracy": [], "val_policy_head_accuracy": []}}, "agent_2": {"version": 1, "iterations": [3], "metrics": {"loss": [1.1993310451507568, 2.439573287963867, 4.931103229522705], "value_head_loss": [1.399888277053833, 0.0, 0.0], "policy_head_loss": [0.8250769376754761, 2.4059362411499023, 1.381941556930542], "value_head_accuracy": [0.0, 1.0, 1.0], "policy_head_accuracy": [0.0, 0.0, 1.0], "val_loss": [9592866.0, 1163784448.0, 900712960.0], "val_value_head_loss": [4.0, 0.0, 0.0], "val_policy_head_loss": [19185726.0, 2327568896.0, 1801425920.0], "val_value_head_accuracy": [0.0, 1.0, 1.0], "val_policy_head_accuracy": [0.0, 0.0, 0.0]}}}