{"best_agent": 1, "agent_1": {"iterations": [10, 10], "metrics": {"loss": [1.4502100944519043, 1.3058733940124512, 1.0586040019989014, 1.119394063949585, 0.9856380224227905, 0.9242250919342041, 1.0527520179748535, 0.7983922362327576, 1.4916259050369263, 1.155340313911438, 0.6447120308876038, 0.8949851393699646, 0.719475507736206, 0.7133965492248535, 0.6529959440231323, 0.8598430752754211, 0.685519278049469, 0.5445358753204346, 0.6294918060302734, 0.8961950540542603], "value_head_loss": [1.255456805229187, 1.1816229820251465, 0.7572748064994812, 0.7766733765602112, 0.9152382016181946, 0.6700964570045471, 0.9670482277870178, 0.4327126443386078, 1.6517049074172974, 0.7258864045143127, 0.4586568772792816, 0.9748048782348633, 0.5821260809898376, 0.6399828195571899, 0.36357489228248596, 0.8015833497047424, 0.8086227178573608, 0.35686275362968445, 0.548500120639801, 1.0028468370437622], "policy_head_loss": [1.4782382249832153, 1.262913703918457, 1.19142484664917, 1.2917170524597168, 0.8833356499671936, 1.003102421760559, 0.9605100750923157, 0.9833816885948181, 1.148119330406189, 1.398697018623352, 0.6420990228652954, 0.6240453720092773, 0.66339111328125, 0.5912010669708252, 0.7447733283042908, 0.718570351600647, 0.36114513874053955, 0.5293416976928711, 0.5061466693878174, 0.5838668942451477], "value_head_accuracy": [0.27272728085517883, 0.1818181872367859, 0.3636363744735718, 0.1818181872367859, 0.4545454680919647, 0.27272728085517883, 0.1818181872367859, 0.27272728085517883, 0.09090909361839294, 0.1818181872367859, 0.5454545617103577, 0.09090909361839294, 0.4545454680919647, 0.3636363744735718, 0.6363636255264282, 0.27272728085517883, 0.27272728085517883, 0.6363636255264282, 0.4545454680919647, 0.09090909361839294], "policy_head_accuracy": [0.09090909361839294, 0.27272728085517883, 0.0, 0.0, 0.0, 0.09090909361839294, 0.0, 0.0, 0.09090909361839294, 0.0, 0.09090909361839294, 0.1818181872367859, 0.0, 0.0, 0.1818181872367859, 0.1818181872367859, 0.1818181872367859, 0.1818181872367859, 0.0, 0.0], "val_loss": [1.312814474105835, 1.1882485151290894, 1.1019097566604614, 1.8249032497406006, 1.712701439857483, 2.2747395038604736, 0.8066020011901855, 4.657547950744629, 3.1484529972076416, 3.2774415016174316, 2.5093681812286377, 2.1165428161621094, 1.7679764032363892, 6.893303871154785, 2.5633580684661865, 2.5728416442871094, 3.8382716178894043, 2.376866340637207, 3.529514789581299, 1.8036035299301147], "val_value_head_loss": [1.489508867263794, 0.866490364074707, 0.6575891375541687, 1.5581766366958618, 1.3781791925430298, 0.5590840578079224, 0.6110585927963257, 1.7576782703399658, 1.7215375900268555, 2.5707883834838867, 0.5938564538955688, 0.9269677400588989, 0.39032652974128723, 1.2064001560211182, 0.8701055645942688, 1.6319029331207275, 0.4000000059604645, 1.002203345298767, 1.1187939643859863, 1.5869545936584473], "val_policy_head_loss": [0.9689098596572876, 1.3414983749389648, 1.3758326768875122, 1.9189274311065674, 1.8719720840454102, 3.8124489784240723, 0.8214553594589233, 7.373990058898926, 4.389270782470703, 3.7954261302948, 4.233759880065918, 3.1126835346221924, 2.950016498565674, 12.382563591003418, 4.057077407836914, 3.3125100135803223, 7.073677062988281, 3.547192335128784, 5.734559059143066, 1.813354253768921], "val_value_head_accuracy": [0.0, 0.0, 0.4000000059604645, 0.4000000059604645, 0.20000000298023224, 0.20000000298023224, 0.20000000298023224, 0.20000000298023224, 0.20000000298023224, 0.20000000298023224, 0.4000000059604645, 0.6000000238418579, 0.800000011920929, 0.4000000059604645, 0.4000000059604645, 0.0, 0.4000000059604645, 0.20000000298023224, 0.20000000298023224, 0.800000011920929], "val_policy_head_accuracy": [0.20000000298023224, 0.0, 0.0, 0.0, 0.0, 0.0, 0.0, 0.0, 0.0, 0.20000000298023224, 0.0, 0.20000000298023224, 0.0, 0.20000000298023224, 0.0, 0.0, 0.20000000298023224, 0.0, 0.0, 0.20000000298023224]}}, "agent_2": {"iterations": [10, 10, 10], "metrics": {"loss": [1.4241893291473389, 1.3592325448989868, 1.1956405639648438, 1.204754114151001, 1.1662421226501465, 1.191939115524292, 1.2339593172073364, 1.2030019760131836, 1.1058845520019531, 1.1391048431396484, 1.2177661657333374, 1.1550277471542358, 1.1957447528839111, 1.1545400619506836, 1.1671793460845947, 1.152161955833435, 1.115676760673523, 1.1281275749206543, 1.163984775543213, 1.173091173171997, 1.0914108753204346, 1.1261470317840576, 1.1482291221618652, 1.1379114389419556, 1.215380072593689, 1.1103559732437134, 1.1651222705841064, 1.1074687242507935, 1.196833610534668, 1.192697286605835], "value_head_loss": [1.1282261610031128, 1.0458717346191406, 0.8904266953468323, 0.8010704517364502, 0.8241944909095764, 0.8375598788261414, 0.8962519764900208, 0.8846392035484314, 0.7256792187690735, 0.7827826738357544, 0.8147610425949097, 0.8121527433395386, 0.8539941310882568, 0.8125001788139343, 0.8564967513084412, 0.785739541053772, 0.6975896954536438, 0.8145089149475098, 0.8222318291664124, 0.8213697075843811, 0.7407354116439819, 0.7113292813301086, 0.8050052523612976, 0.799457311630249, 0.835205078125, 0.703042209148407, 0.7679920196533203, 0.7131347060203552, 0.9019920229911804, 0.9215381741523743], "policy_head_loss": [1.554151177406311, 1.5065504312515259, 1.33466374874115, 1.442009687423706, 1.3415552377700806, 1.3792322874069214, 1.404202938079834, 1.353514552116394, 1.317854404449463, 1.3268128633499146, 1.4517911672592163, 1.3285748958587646, 1.3678431510925293, 1.3266254663467407, 1.3076295852661133, 1.3480979204177856, 1.3630462884902954, 1.2708207368850708, 1.3346244096755981, 1.3535317182540894, 1.2706559896469116, 1.3694034814834595, 1.3197779655456543, 1.3045939207077026, 1.4237014055252075, 1.3457484245300293, 1.3902751207351685, 1.3297799825668335, 1.3196183443069458, 1.2917762994766235], "value_head_accuracy": [0.23595505952835083, 0.2584269642829895, 0.2808988690376282, 0.20224718749523163, 0.20224718749523163, 0.14606741070747375, 0.15730337798595428, 0.17977528274059296, 0.2808988690376282, 0.21348313987255096, 0.17977528274059296, 0.24719101190567017, 0.14606741070747375, 0.20224718749523163, 0.15730337798595428, 0.21348313987255096, 0.30337077379226685, 0.1910112351179123, 0.1910112351179123, 0.17977528274059296, 0.2584269642829895, 0.2921348214149475, 0.2247191071510315, 0.21348313987255096, 0.17977528274059296, 0.26966291666030884, 0.21348313987255096, 0.31460675597190857, 0.20224718749523163, 0.10112359374761581], "policy_head_accuracy": [0.02247191034257412, 0.033707864582538605, 0.08988764137029648, 0.04494382068514824, 0.07865168899297714, 0.056179776787757874, 0.08988764137029648, 0.033707864582538605, 0.033707864582538605, 0.04494382068514824, 0.056179776787757874, 0.06741572916507721, 0.056179776787757874, 0.033707864582538605, 0.033707864582538605, 0.056179776787757874, 0.06741572916507721, 0.02247191034257412, 0.04494382068514824, 0.056179776787757874, 0.01123595517128706, 0.10112359374761581, 0.04494382068514824, 0.04494382068514824, 0.07865168899297714, 0.056179776787757874, 0.06741572916507721, 0.11235955357551575, 0.04494382068514824, 0.01123595517128706], "val_loss": [1.207689881324768, 1.4201432466506958, 1.349005937576294, 1.18569815158844, 1.1505844593048096, 1.0767019987106323, 1.2181591987609863, 1.1879982948303223, 1.2501168251037598, 1.387184739112854, 1.3609696626663208, 1.2790768146514893, 1.3188481330871582, 1.4550057649612427, 1.259262204170227, 1.3452421426773071, 1.2239603996276855, 1.2083613872528076, 1.1763489246368408, 1.1620482206344604, 1.2953637838363647, 1.2953358888626099, 1.190234899520874, 1.1018482446670532, 1.1346994638442993, 1.1572526693344116, 1.3241009712219238, 1.2274644374847412, 1.2675354480743408, 1.229026198387146],