{"best_agent": 1, "agent_1": {"version": 1, "iterations": [], "metrics": {"loss": [], "value_head_loss": [], "policy_head_loss": [], "value_head_accuracy": [], "policy_head_accuracy": [], "val_loss": [], "val_value_head_loss": [], "val_policy_head_loss": [], "val_value_head_accuracy": [], "val_policy_head_accuracy": []}}, "agent_2": {"version": 3, "iterations": [3, 3], "metrics": {"loss": [1.5930880308151245, 0.6179218292236328, 1.2113338708877563, 1.0331870317459106, 1.7389106750488281, 0.4743831753730774], "value_head_loss": [0.8156479597091675, 0.0001748617214616388, 0.00029285784694366157, 1.6924276735608146e-07, 5.9061644606117625e-06, 1.1117448650566075e-07], "policy_head_loss": [2.196460247039795, 1.056788444519043, 2.2309179306030273, 1.8566200733184814, 3.245631694793701, 0.6915339827537537], "value_head_accuracy": [0.0, 1.0, 1.0, 1.0, 1.0, 1.0], "policy_head_accuracy": [0.0, 1.0, 0.0, 0.0, 0.0, 1.0], "val_loss": [1.3649088144302368, 1.0931499004364014, 26.06794548034668, 54.99633026123047, 46.28534698486328, 41.4360237121582], "val_value_head_loss": [0.7655302882194519, 0.233826145529747, 0.0, 0.0, 0.0, 0.0], "val_policy_head_loss": [1.7854068279266357, 1.761016607284546, 51.9261360168457, 109.7604751586914, 92.31346130371094, 82.5882568359375], "val_value_head_accuracy": [0.0, 1.0, 1.0, 1.0, 1.0, 1.0], "val_policy_head_accuracy": [0.0, 0.0, 0.0, 0.0, 0.0, 1.0]}}}