{"best_agent": -1, "agent_1": {"iterations": [4], "metrics": {"loss": [1.2716007232666016, 1.4142531156539917, 1.0326679944992065, 0.8735326528549194], "value_head_loss": [0.7806501388549805, 1.2115799188613892, 1.067118525505066, 0.6260733604431152], "policy_head_loss": [1.596142292022705, 1.4502705335617065, 0.8308612704277039, 0.9525529742240906], "value_head_accuracy": [0.1818181872367859, 0.09090909361839294, 0.1818181872367859, 0.3636363744735718], "policy_head_accuracy": [0.0, 0.0, 0.09090909361839294, 0.0], "val_loss": [0.9436689615249634, 1.334783673286438, 1.680626630783081, 1.3469977378845215], "val_value_head_loss": [0.7745391130447388, 1.3150222301483154, 1.8807300329208374, 1.4071156978607178], "val_policy_head_loss": [0.9461433291435242, 1.1871888637542725, 1.312084436416626, 1.117079496383667], "val_value_head_accuracy": [0.20000000298023224, 0.20000000298023224, 0.20000000298023224, 0.20000000298023224], "val_policy_head_accuracy": [0.20000000298023224, 0.0, 0.0, 0.4000000059604645]}}, "agent_2": {"iterations": [4], "metrics": {"loss": [1.297286868095398, 0.9100582599639893, 1.9888800382614136, 1.5236855745315552], "value_head_loss": [0.9930883049964905, 0.35966575145721436, 2.1352503299713135, 1.1751017570495605], "policy_head_loss": [1.4348104000091553, 1.2931914329528809, 1.673697590827942, 1.7012176513671875], "value_head_accuracy": [0.1818181872367859, 0.27272728085517883, 0.0, 0.09090909361839294], "policy_head_accuracy": [0.09090909361839294, 0.0, 0.0, 0.0], "val_loss": [1.2882214784622192, 2.094869613647461, 1.2823084592819214, 5.2179951667785645], "val_value_head_loss": [0.9693193435668945, 2.499727725982666, 0.7734609842300415, 1.599928617477417], "val_policy_head_loss": [1.4398640394210815, 1.5211989879608154, 1.620104193687439, 8.662264823913574], "val_value_head_accuracy": [0.20000000298023224, 0.4000000059604645, 0.20000000298023224, 0.6000000238418579], "val_policy_head_accuracy": [0.20000000298023224, 0.20000000298023224, 0.0, 0.0]}}}